OF_torch,Energy (MJ),Temperature (K),mdot (kg/s)
1.0,42.306746883206564,1281.9755675757415,0.05612510071118237
1.1,44.597428077280775,1369.736332299565,0.053242317594365804
1.2000000000000002,46.68330342430326,1455.4036906863855,0.050863376312532405
1.3000000000000003,48.58793659900507,1539.050986497891,0.048869546553888664
1.4000000000000004,50.33146996259983,1620.7481693787352,0.047176655705602956
1.5000000000000004,51.931043333875266,1700.5570295205605,0.0457235263754767
1.6000000000000005,53.40114778393368,1778.5271605341843,0.04446478265204731
1.7000000000000006,54.75393542744006,1854.6928320676905,0.04336620575390637
1.8000000000000007,55.99950244192119,1929.0709702704019,0.042401634408182565
1.9000000000000008,57.14615827632235,2001.6604194090348,0.04155083213295013
2.000000000000001,58.200689522728,2072.442596500981,0.04079797763659162
2.100000000000001,59.16862227107699,2141.3835532598628,0.04013056817013578
2.200000000000001,60.05448204760197,2208.4373293672456,0.039538604757266144
2.300000000000001,60.86204602487918,2273.550332021796,0.03901397643798951
2.4000000000000012,61.59457876434694,2336.6663359733648,0.03854999055463781
2.5000000000000013,62.255041084489214,2397.731601141874,0.0381410145784012
2.6000000000000014,62.84626227397203,2456.699582807511,0.037782206032097844
2.7000000000000015,63.37106876193636,2513.534776022116,0.03746931329977329
2.8000000000000016,63.83236683681659,2568.2153796091825,0.037198533396899616
2.9000000000000017,64.23318193646593,2620.73465159821,0.03696641452280997
3.0000000000000018,64.57666123303764,2671.1010129604892,0.036769792433426124
3.100000000000002,64.86604887344421,2719.3371017188733,0.036605750940914235
3.200000000000002,65.10464403627756,2765.478063639735,0.03647159837414008
3.300000000000002,65.29575117297928,2809.5693872303423,0.036364853561330554
3.400000000000002,65.44262996759136,2851.664562940324,0.03628323664190085
3.500000000000002,65.5484502902932,2891.822789161542,0.03622466159103223
3.6000000000000023,65.61625523256161,2930.106879940099,0.036187228624472836
3.7000000000000024,65.64893350051584,2966.5814653198377,0.03616921559835868
3.8000000000000025,65.64920112699374,3001.3115228192437,0.03616906815041396
3.9000000000000026,65.61959162928753,3034.361240390565,0.03618538870215536
4.000000000000003,65.56245330309996,3065.7931865612086,0.03621692462612894
4.100000000000003,65.47995219571338,3095.667749826656,0.03626255594209052
4.200000000000003,65.37407934042123,3124.0428037819447,0.036321282892840964
4.3000000000000025,65.24666097810513,3150.9735542116796,0.036392213700855464
4.400000000000003,65.09937068240872,3176.5125272484615,0.036474552744395476
4.5000000000000036,64.93374250470949,3200.7096621896603,0.036567589330158426
4.600000000000003,64.75118444298988,3223.612477629997,0.03667068718523704
4.700000000000003,64.55299170460046,3245.26628461477,0.036783274746556
4.800000000000003,64.34035937370072,3265.714425235696,0.03690483629087468
4.900000000000004,64.11439421075076,3284.998519348901,0.037034903921533364
5.0000000000000036,63.87612540638981,3303.1587058660016,0.03717305040773404
5.100000000000003,63.626514188651655,3320.2338683808744,0.03731888285663741
5.200000000000004,63.366462243699615,3336.261837784621,0.037472037186651645
5.300000000000004,63.09681895874437,3351.27956703369,0.03763217336099001
5.400000000000004,62.81838753349049,3365.3232753950697,0.037798971333298924
5.5000000000000036,62.53193003488314,3378.428561322068,0.037972127651551495
5.600000000000004,62.23817149032764,3390.6304846252624,0.03815135266227227
5.700000000000005,61.937803127788875,3401.9636198048283,0.03833636825451345
5.800000000000004,61.63148487824902,3412.462083315641,0.038526906081739844
5.900000000000004,61.31984725759715,3422.159538159914,0.03872270619996183
6.000000000000004,61.003492742161065,3431.0891795681846,0.03892351606191578
6.100000000000005,60.682996745542525,3439.2837056662056,0.03912908980977256
6.200000000000005,60.35890829516548,3446.7752769693298,0.03933918781252469
6.300000000000004,60.031750495815544,3453.5954683342065,0.03955357639867556
6.400000000000005,59.70202085528867,3459.7752166708005,0.03977202773986382
6.500000000000005,59.37019153476541,3465.344767312759,0.03999431984638369
6.600000000000005,59.03670957429257,3470.3336214961205,0.040220236640973434
6.700000000000005,58.70199713226344,3474.7704869349495,0.040449568082538495
6.800000000000005,58.36645176733063,3478.683233031095,0.040682110316521386
6.900000000000006,58.030446782029415,3482.0988518330996,0.04091766583327054
7.000000000000005,57.69433163956345,3485.043425477532,0.04115604361996273
7.100000000000005,57.358432458786055,3487.542100513664,0.041397059295311206
7.2000000000000055,57.02305258728035,3489.619069231234,0.04164053521947232
7.300000000000006,56.688473248548405,3491.297557882569,0.04188630057422248
7.400000000000006,56.35495425647983,3492.599821510525,0.04213419141067703
7.500000000000005,56.022734788379985,3493.547144959934,0.04238405066357047
7.600000000000006,55.69203420670195,3494.1598495559656,0.04263572813249344
7.700000000000006,55.3630529191363,3494.45730487352,0.04288908043150436
7.800000000000006,55.0359732667019,3494.4579449909465,0.04314397090927946
7.900000000000006,54.7109604298478,3494.1792886139597,0.043400269542463864
8.000000000000007,54.3881633432129,3493.637962467,0.04365785280518725
8.100000000000007,54.06771561049875,3492.8497273735557,0.043916603517856034
8.200000000000006,53.74973641183511,3491.8295064824933,0.04417641067835333
8.300000000000006,53.43433139698969,3490.591415138516,0.044437169278705314
8.400000000000006,53.121593558748344,3489.1487919406354,0.04469878011013524
8.500000000000007,52.81160408174656,3487.5142305799445,0.04496114955923418
8.600000000000007,52.50443316293192,3485.6996120953922,0.0452241893977601
8.700000000000006,52.20014080067217,3483.7161372327187,0.04548781656833948
8.800000000000008,51.89877755028093,3481.574358635748,0.04575195296810254
8.900000000000007,51.60038524441158,3479.2842126408054,0.046016525232040376
9.000000000000007,51.30499767736519,3476.855050483067,0.04628146451763784
9.100000000000007,51.012641252874,3474.2956687587084,0.04654670629211331
9.200000000000006,50.72333559536235,3471.6143390177244,0.046812190123387075
9.300000000000008,50.43709412505508,3468.8188363903714,0.04707785947570936
9.400000000000007,50.153924597607826,3465.9164671745943,0.047343661510703065
9.500000000000007,49.8738296091781,3462.914095333116,0.04760954689441983
9.600000000000009,49.59680706804887,3459.8181678673254,0.04787546961086825
9.700000000000008,49.322850634063066,3456.6347390506903,0.04814138678234924
9.800000000000008,49.05195012723401,3453.3694935177887,0.04840725849682673
9.900000000000007,48.784091906969536,3450.0277682159103,0.048673047642468076
10.000000000000007,48.519259223391096,3446.6145732352816,0.04893871974940909
10.100000000000009,48.257432542245475,3443.134611541333,0.04920424283873396
10.200000000000008,47.998589844911365,3439.592297638119,0.04946958727859798
10.300000000000008,47.74270690497722,3435.991775196523,0.0497347256473832
10.40000000000001,47.48975754284356,3432.336933684192,0.049999632603731595
10.500000000000009,47.2397138597576,3428.6314240365505,0.05026428476327467
10.600000000000009,46.992546452639274,3424.8786734097657,0.05052866058185511
10.700000000000008,46.74822461100523,3421.081899057368,0.05079274024501636
10.800000000000008,46.50671649723603,3417.244121372606,0.05105650556352625
10.90000000000001,46.26798931137367,3413.3681761384164,0.05131993987468942
11.000000000000009,46.03200944157021,3409.456726026243,0.05158302794920249
11.100000000000009,45.798742601249444,3405.5122713842934,0.05184575590330052
11.20000000000001,45.56815395397818,3401.537160354491,0.05210811111594688
11.30000000000001,45.34020822698536,3397.5335983563646,0.05237008215081915
11.40000000000001,45.11486981420472,3393.503656974521,0.05263165868285077
11.500000000000009,44.8921028696624,3389.4492822849443,0.052892831429091076
11.600000000000009,44.67187139197194,3385.37230265385,0.05315359208365713
11.70000000000001,44.454139300651484,3381.274436041178,0.05341393325655213
11.80000000000001,44.23887050492166,3377.1572968392907,0.05367384841614129
11.90000000000001,44.02602896560094,3373.022402275737,0.05393333183507704
12.00000000000001,43.8155787506664,3368.8711784075927,0.05419237853947907
12.10000000000001,43.60748408500657,3364.704965733171,0.054450984261182736
12.20000000000001,43.401709394855764,3360.525024445578,0.054709145392874914
12.30000000000001,43.19821934735784,3356.3325393509845,0.05496685894595098
12.40000000000001,42.996978885677564,3352.128624473343,0.055224122510928626
12.50000000000001,42.7979532600399,3347.914327365814,0.05548093422027013
12.60000000000001,42.60110805505459,3343.6906331478867,0.055737292713463595
12.70000000000001,42.40640921364751,3339.45846828614,0.05599319710423164
12.800000000000011,42.213823057900576,3335.2187041353504,0.05624864694973587
12.900000000000011,42.023316307075056,3330.9721602555687,0.05650364222165643
13.00000000000001,41.834856093070414,3326.7196075198954,0.056758183279033196
13.10000000000001,41.64840997355389,3322.461771026572,0.0570122708427578
13.20000000000001,41.46394594296973,3318.199332828289,0.05726590597162073
13.300000000000011,41.28143244162927,3313.9329344906378,0.05751909003981149
13.400000000000011,41.10083836305765,3309.663179490805,0.057771824715787214
13.50000000000001,40.922133059763475,3305.390635467111,0.058024111942423594
13.600000000000012,40.74528634758228,3301.1158363290415,0.058275953918369365
13.700000000000012,40.57026850873201,3296.839284236763,0.05852735308053009
13.800000000000011,40.3970502937069,3292.5614514588738,0.05877831208761218
13.900000000000011,40.22560292212636,3288.282782116041,0.05902883380466065
14.00000000000001,40.055898082643644,3284.0036938180538,0.059278921288531426
14.100000000000012,39.88790793201295,3279.7245792011704,0.059528577774237784
14.200000000000012,39.72160509339806,3275.445807372238,0.059777806662126017
14.300000000000011,39.55696265402544,3271.167725265151,0.06002661150579608
14.400000000000013,39.39395416220462,3266.8906589163607,0.06027499600079714
14.500000000000012,39.23255362385043,3262.614914663169,0.060522963973952765
14.600000000000012,39.07273549851812,3258.340780270794,0.06077051937334983
14.700000000000012,38.914474695028,3254.068525992342,0.061017666258921625
14.800000000000011,38.75774656672693,3249.7984055659304,0.061264408793593905
14.900000000000013,38.602526906433745,3245.5306571530487,0.061510751234959304
15.000000000000012,38.448791941109924,3241.2655042216643,0.061756697927449214
15.100000000000012,38.29651832629539,3237.003156377768,0.0620022532949711
15.200000000000014,38.145683140343344,3232.7438101483776,0.06224742183398467
15.300000000000013,37.996263878486204,3228.4876497190917,0.062492208106990056
15.400000000000013,37.84823844676196,3224.234847629095,0.06273661673640224
15.500000000000012,37.7015851558257,3219.9855654260427,0.0629806523987908
15.600000000000012,37.556282714671774,3215.739954283505,0.0632243198194601
15.700000000000014,37.41231022428657,3211.4981555830814,0.06346762376735181
15.800000000000013,37.26964717125142,3207.2603014634915,0.06371056905025002
15.900000000000013,37.1282734213135,3203.0265153384985,0.06395316051027042
16.000000000000014,36.98816921294042,3198.7969123857124,0.06419540301961617
16.100000000000012,36.84931515087092,3194.5716000078214,0.06443730147658794
16.200000000000014,36.7116921996774,3190.350678268149,0.06467886080182746
16.300000000000015,36.575281677348116,3186.1342403018366,0.06492008593478671
16.400000000000013,36.44006524890224,3181.922372704254,0.06516098183040438
16.500000000000014,36.306024920044464,3177.715155897931,0.06540155345598109
16.600000000000016,36.173143030867585,3173.5126644792695,0.06564180578824089
16.700000000000014,36.04140224961141,3169.3149675462423,0.06588174381056637
16.800000000000015,35.910785566483106,3165.1221290081535,0.06612137251039844
16.900000000000013,35.781276287543875,3160.9342078785794,0.06636069687679269
17.000000000000014,35.65285802866821,3156.7512585523414,0.06659972189812031
17.100000000000016,35.5255147095789,3152.573331067586,0.06683845255990704
17.200000000000014,35.399230547961096,3148.4004713536797,0.06707689384280226
17.300000000000015,35.273990053659055,3144.2327214658253,0.06731505072067001
17.400000000000013,35.149778022958415,3140.070119807118,0.06755292815879409
17.500000000000014,35.02657953295528,3135.912701338756,0.06779053111219191
17.600000000000016,34.90437993601299,3131.7604977790734,0.06802786452403306
17.700000000000014,34.78316485431155,3127.613537792043,0.06826493332414924
17.800000000000015,34.66292017448591,3123.4718471657925,0.06850174242763969
17.900000000000016,34.543632042358,3119.3354489817466,0.06873829673355866
18.000000000000014,34.425286857759694,3115.2043637748743,0.06897460112368671
18.100000000000016,34.30787126945033,3111.0786096855377,0.06921066046137442
18.200000000000017,34.191372170125106,3106.95820260343,0.06944647959046159
18.300000000000015,34.07577669151774,3102.8431563039785,0.06968206333426087
18.400000000000016,33.96107219959502,3098.733482577713,0.06991741649460596
18.500000000000014,33.847246289842545,3094.629191352872,0.07015254385096138
18.600000000000016,33.734286782642506,3090.5302908117133,0.07038745015958715
18.700000000000017,33.6221817187418,3086.4367875008033,0.07062214015275764
18.800000000000015,33.510919354810035,3082.348686435608,0.07085661853803024
18.900000000000016,33.40048815908592,3078.2659911997466,0.0710908899975626
19.000000000000014,33.2908768071122,3074.1887040391093,0.071324959187473
19.100000000000016,33.18207417755663,3070.116825951192,0.07155883073724459
19.200000000000017,33.074069348118854,3066.0503567698347,0.07179250924916869
19.300000000000015,32.96685159152189,3061.989295245629,0.07202599929782538
19.400000000000016,32.86041037158637,3057.933639122228,0.07225930542960043
19.500000000000018,32.75473533938708,3053.8833852087932,0.0724924321622347
19.600000000000016,32.6498163294905,3049.8385294486798,0.07272538398440427
19.700000000000017,32.54564335626989,3045.799066984695,0.07295816535533409
19.80000000000002,32.44220661030081,3041.7649922209735,0.07319078070443412
19.900000000000016,32.339496454831334,3037.736298881791,0.07342323443096582
