segment,x_mm,y_mm,index
chamber_wall,-329.09696933324585,48.64556258113604,0
chamber_wall,-326.18827561949973,48.64556258113604,1
chamber_wall,-323.2795819057536,48.64556258113604,2
chamber_wall,-320.3708881920075,48.64556258113604,3
chamber_wall,-317.4621944782614,48.64556258113604,4
chamber_wall,-314.55350076451526,48.64556258113604,5
chamber_wall,-311.64480705076915,48.64556258113604,6
chamber_wall,-308.736113337023,48.64556258113604,7
chamber_wall,-305.8274196232769,48.64556258113604,8
chamber_wall,-302.9187259095308,48.64556258113604,9
chamber_wall,-300.0100321957847,48.64556258113604,10
chamber_wall,-297.1013384820385,48.64556258113604,11
chamber_wall,-294.19264476829244,48.64556258113604,12
chamber_wall,-291.28395105454626,48.64556258113604,13
chamber_wall,-288.3752573408002,48.64556258113604,14
chamber_wall,-285.46656362705403,48.64556258113604,15
chamber_wall,-282.55786991330797,48.64556258113604,16
chamber_wall,-279.6491761995618,48.64556258113604,17
chamber_wall,-276.74048248581573,48.64556258113604,18
chamber_wall,-273.83178877206956,48.64556258113604,19
chamber_wall,-270.9230950583235,48.64556258113604,20
chamber_wall,-268.0144013445773,48.64556258113604,21
chamber_wall,-265.10570763083126,48.64556258113604,22
chamber_wall,-262.1970139170851,48.64556258113604,23
chamber_wall,-259.288320203339,48.64556258113604,24
chamber_wall,-256.37962648959285,48.64556258113604,25
chamber_wall,-253.47093277584676,48.64556258113604,26
chamber_wall,-250.56223906210064,48.64556258113604,27
chamber_wall,-247.65354534835453,48.64556258113604,28
chamber_wall,-244.7448516346084,48.64556258113604,29
chamber_wall,-241.8361579208623,48.64556258113604,30
chamber_wall,-238.92746420711617,48.64556258113604,31
chamber_wall,-236.01877049337006,48.64556258113604,32
chamber_wall,-233.11007677962394,48.64556258113604,33
chamber_wall,-230.20138306587782,48.64556258113604,34
chamber_wall,-227.2926893521317,48.64556258113604,35
chamber_wall,-224.38399563838558,48.64556258113604,36
chamber_wall,-221.47530192463947,48.64556258113604,37
chamber_wall,-218.56660821089335,48.64556258113604,38
chamber_wall,-215.65791449714723,48.64556258113604,39
chamber_wall,-212.7492207834011,48.64556258113604,40
chamber_wall,-209.840527069655,48.64556258113604,41
chamber_wall,-206.93183335590888,48.64556258113604,42
chamber_wall,-204.02313964216276,48.64556258113604,43
chamber_wall,-201.11444592841664,48.64556258113604,44
chamber_wall,-198.20575221467053,48.64556258113604,45
chamber_wall,-195.2970585009244,48.64556258113604,46
chamber_wall,-192.3883647871783,48.64556258113604,47
chamber_wall,-189.47967107343217,48.64556258113604,48
chamber_wall,-186.57097735968605,48.64556258113604,49
chamber_wall,-183.66228364593994,48.64556258113604,50
chamber_wall,-180.75358993219382,48.64556258113604,51
chamber_wall,-177.8448962184477,48.64556258113604,52
chamber_wall,-174.93620250470158,48.64556258113604,53
chamber_wall,-172.02750879095547,48.64556258113604,54
chamber_wall,-169.11881507720932,48.64556258113604,55
chamber_wall,-166.2101213634632,48.64556258113604,56
chamber_wall,-163.30142764971708,48.64556258113604,57
chamber_wall,-160.39273393597097,48.64556258113604,58
chamber_wall,-157.48404022222485,48.64556258113604,59
chamber_wall,-154.57534650847873,48.64556258113604,60
chamber_wall,-151.6666527947326,48.64556258113604,61
chamber_wall,-148.7579590809865,48.64556258113604,62
chamber_wall,-145.84926536724038,48.64556258113604,63
chamber_wall,-142.94057165349426,48.64556258113604,64
chamber_wall,-140.03187793974814,48.64556258113604,65
chamber_wall,-137.12318422600202,48.64556258113604,66
chamber_wall,-134.2144905122559,48.64556258113604,67
chamber_wall,-131.3057967985098,48.64556258113604,68
chamber_wall,-128.39710308476367,48.64556258113604,69
chamber_wall,-125.48840937101757,48.64556258113604,70
chamber_wall,-122.57971565727145,48.64556258113604,71
chamber_wall,-119.67102194352533,48.64556258113604,72
chamber_wall,-116.76232822977921,48.64556258113604,73
chamber_wall,-113.8536345160331,48.64556258113604,74
chamber_wall,-110.94494080228698,48.64556258113604,75
chamber_wall,-108.03624708854086,48.64556258113604,76
chamber_wall,-105.12755337479473,48.64556258113604,77
chamber_wall,-102.21885966104861,48.64556258113604,78
chamber_wall,-99.3101659473025,48.64556258113604,79
chamber_wall,-96.40147223355638,48.64556258113604,80
chamber_wall,-93.49277851981026,48.64556258113604,81
chamber_wall,-90.58408480606414,48.64556258113604,82
chamber_wall,-87.67539109231802,48.64556258113604,83
chamber_wall,-84.7666973785719,48.64556258113604,84
chamber_wall,-81.85800366482579,48.64556258113604,85
chamber_wall,-78.94930995107967,48.64556258113604,86
chamber_wall,-76.04061623733355,48.64556258113604,87
chamber_wall,-73.13192252358743,48.64556258113604,88
chamber_wall,-70.22322880984132,48.64556258113604,89
chamber_wall,-67.3145350960952,48.64556258113604,90
chamber_wall,-64.40584138234908,48.64556258113604,91
chamber_wall,-61.49714766860296,48.64556258113604,92
chamber_wall,-58.588453954856845,48.64556258113604,93
chamber_wall,-55.67976024111073,48.64556258113604,94
chamber_wall,-52.77106652736461,48.64556258113604,95
chamber_wall,-49.86237281361849,48.64556258113604,96
chamber_wall,-46.953679099872375,48.64556258113604,97
chamber_wall,-44.04498538612626,48.64556258113604,98
chamber_wall,-41.13629167238014,48.64556258113604,99
convergent_arc,-41.13629167238014,48.64556258113604,0
convergent_arc,-41.07376650714525,48.64531456392645,1
convergent_arc,-41.01124527706627,48.644570527907156,2
convergent_arc,-40.94873191705145,48.64333051990568,3
convergent_arc,-40.886230361513704,48.64159461796459,4
convergent_arc,-40.82374454412303,48.63936293133663,5
convergent_arc,-40.76127839755889,48.636635600477774,6
convergent_arc,-40.69883585326272,48.63341279703848,7
convergent_arc,-40.63642084119053,48.62969472385282,8
convergent_arc,-40.57403728956548,48.62548161492574,9
convergent_arc,-40.511689124630735,48.62077373541832,10
convergent_arc,-40.44938027040231,48.61557138163108,11
convergent_arc,-40.38711464842212,48.60987488098538,12
convergent_arc,-40.324896177511164,48.60368459200274,13
convergent_arc,-40.26272877352287,48.59700090428234,14
convergent_arc,-40.2006163490967,48.589824238476446,15
convergent_arc,-40.13856281341182,48.582155046263985,16
convergent_arc,-40.07657207194112,48.57399381032207,17
convergent_arc,-40.01464802620541,48.56534104429567,18
convergent_arc,-39.95279457352784,48.55619729276524,19
convergent_arc,-39.89101560678865,48.54656313121248,20
convergent_arc,-39.829315014180146,48.536439165984085,21
convergent_arc,-39.767696678961975,48.52582603425362,22
convergent_arc,-39.70616447921677,48.51472440398136,23
convergent_arc,-39.644722287605994,48.503134973872335,24
convergent_arc,-39.583373971126306,48.49105847333228,25
convergent_arc,-39.52212339086609,48.47849566242175,26
convergent_arc,-39.46097440176252,48.46544733180831,27
convergent_arc,-39.399930852358885,48.451914302716744,28
convergent_arc,-39.33899658456243,48.43789742687738,29
convergent_arc,-39.2781754334025,48.42339758647248,30
convergent_arc,-39.217471226789215,48.40841569408072,31
convergent_arc,-39.15688778527254,48.392952692619765,32
convergent_arc,-39.09642892180181,48.37700955528691,33
convergent_arc,-39.0360984414858,48.36058728549782,34
convergent_arc,-38.97590014135318,48.34368691682343,35
convergent_arc,-38.91583781011362,48.326309512924816,36
convergent_arc,-38.85591522791926,48.30845616748631,37
convergent_arc,-38.79613616612684,48.290128004146666,38
convergent_arc,-38.73650438706034,48.271326176428296,39
convergent_arc,-38.67702364377419,48.252051867664726,40
convergent_arc,-38.61769767981705,48.23230629092608,41
convergent_arc,-38.5585302289962,48.212090688942745,42
convergent_arc,-38.49952501514257,48.19140633402716,43
convergent_arc,-38.440685751876345,48.17025452799374,44
convergent_arc,-38.382016142373274,48.14863660207696,45
convergent_arc,-38.32351987913156,48.12655391684753,46
convergent_arc,-38.26520064373948,48.104007862126785,47
convergent_arc,-38.20706210664372,48.08099985689925,48
convergent_arc,-38.149107926918276,48.057531349223254,49
convergent_arc,-38.09134175203427,48.03360381613988,50
convergent_arc,-38.03376721763028,48.00921876357994,51
convergent_arc,-37.97638794728363,47.98437772626923,52
convergent_arc,-37.91920755228224,47.95908226763192,53
convergent_arc,-37.862229631397405,47.933333979692165,54
convergent_arc,-37.80545777065727,47.90713448297392,55
convergent_arc,-37.748895543121144,47.88048542639893,56
convergent_arc,-37.692546508654594,47.85338848718294,57
convergent_arc,-37.636414213705464,47.825845370730185,58
convergent_arc,-37.5805021910806,47.797857810526,59
convergent_arc,-37.52481395972354,47.769427568027744,60
convergent_arc,-37.469353024493046,47.740556432553966,61
convergent_arc,-37.414122875942496,47.711246221171734,62
convergent_arc,-37.35912699010023,47.68149877858232,63
convergent_arc,-37.30436882825073,47.65131597700508,64
convergent_arc,-37.249851836716836,47.62069971605963,65
convergent_arc,-37.19557944664281,47.589651922646276,66
convergent_arc,-37.14155507377837,47.55817455082474,67
convergent_arc,-37.08778211826377,47.52626958169122,68
convergent_arc,-37.03426396441575,47.49393902325363,69
convergent_arc,-36.981003980514565,47.4611849103053,70
convergent_arc,-36.92800551859199,47.42800930429686,71
convergent_arc,-36.87527191422034,47.394414293206495,72
convergent_arc,-36.822806486302575,47.36040199140858,73
convergent_arc,-36.770612536863375,47.325974539540574,74
convergent_arc,-36.71869335084132,47.29113410436828,75
convergent_arc,-36.667052195882206,47.25588287864952,76
convergent_arc,-36.615692322133306,47.22022308099609,77
convergent_arc,-36.56461696203887,47.184156955734146,78
convergent_arc,-36.51382933013667,47.14768677276294,79
convergent_arc,-36.463332622855695,47.110814827411964,80
convergent_arc,-36.41313001831493,47.073543440296504,81
convergent_arc,-36.363224676123416,47.035874957171565,82
convergent_arc,-36.31361973718131,46.99781174878424,83
convergent_arc,-36.26431832348227,46.959356210724515,84
convergent_arc,-36.21532353791693,46.920510763274486,85
convergent_arc,-36.16663846407762,46.88127785125604,86
convergent_arc,-36.118266166064295,46.84165994387697,87
convergent_arc,-36.0702096882917,46.801659534575585,88
convergent_arc,-36.02247205529773,46.761279140863785,89
convergent_arc,-35.97505627155313,46.7205213041686,90
convergent_arc,-35.92796532127234,46.67938858967224,91
convergent_arc,-35.88120216822572,46.63788358615068,92
convergent_arc,-35.834769755553005,46.59600890581068,93
convergent_arc,-35.788671005578074,46.55376718412541,94
convergent_arc,-35.74290881962502,46.511161079668604,95
convergent_arc,-35.697486077835556,46.46819327394717,96
convergent_arc,-35.65240563898775,46.424866471232505,97
convergent_arc,-35.6076703403161,46.38118339839022,98
convergent_arc,-35.56328299733294,46.33714680470858,99
convergent_diagonal,-35.56328299733294,46.33714680470858,0
convergent_diagonal,-35.508875891491215,46.282739698866855,1
convergent_diagonal,-35.45446878564949,46.22833259302513,2
convergent_diagonal,-35.40006167980776,46.1739254871834,3
convergent_diagonal,-35.345654573966044,46.119518381341685,4
convergent_diagonal,-35.29124746812432,46.06511127549996,5
convergent_diagonal,-35.23684036228259,46.01070416965823,6
convergent_diagonal,-35.182433256440866,45.95629706381651,7
convergent_diagonal,-35.12802615059914,45.90188995797478,8
convergent_diagonal,-35.07361904475742,45.84748285213306,9
convergent_diagonal,-35.019211938915696,45.793075746291336,10
convergent_diagonal,-34.96480483307397,45.73866864044961,11
convergent_diagonal,-34.910397727232244,45.684261534607884,12
convergent_diagonal,-34.85599062139052,45.62985442876616,13
convergent_diagonal,-34.80158351554879,45.57544732292443,14
convergent_diagonal,-34.747176409707066,45.52104021708271,15
convergent_diagonal,-34.69276930386535,45.46663311124099,16
convergent_diagonal,-34.63836219802362,45.41222600539926,17
convergent_diagonal,-34.583955092181895,45.357818899557536,18
convergent_diagonal,-34.52954798634017,45.30341179371581,19
convergent_diagonal,-34.475140880498444,45.249004687874084,20
convergent_diagonal,-34.420733774656725,45.194597582032365,21
convergent_diagonal,-34.366326668815,45.14019047619064,22
convergent_diagonal,-34.31191956297327,45.08578337034891,23
convergent_diagonal,-34.25751245713155,45.03137626450719,24
convergent_diagonal,-34.20310535128982,44.97696915866546,25
convergent_diagonal,-34.148698245448095,44.922562052823736,26
convergent_diagonal,-34.094291139606376,44.86815494698202,27
convergent_diagonal,-34.03988403376465,44.81374784114029,28
convergent_diagonal,-33.985476927922925,44.759340735298565,29
convergent_diagonal,-33.9310698220812,44.70493362945684,30
convergent_diagonal,-33.87666271623947,44.65052652361511,31
convergent_diagonal,-33.82225561039775,44.59611941777339,32
convergent_diagonal,-33.76784850455603,44.54171231193167,33
convergent_diagonal,-33.7134413987143,44.48730520608994,34
convergent_diagonal,-33.659034292872576,44.43289810024822,35
convergent_diagonal,-33.60462718703085,44.37849099440649,36
convergent_diagonal,-33.550220081189124,44.324083888564765,37
convergent_diagonal,-33.495812975347405,44.269676782723046,38
convergent_diagonal,-33.44140586950568,44.21526967688132,39
convergent_diagonal,-33.386998763663954,44.160862571039594,40
convergent_diagonal,-33.33259165782223,44.10645546519787,41
convergent_diagonal,-33.2781845519805,44.05204835935614,42
convergent_diagonal,-33.223777446138776,43.997641253514416,43
convergent_diagonal,-33.16937034029706,43.9432341476727,44
convergent_diagonal,-33.11496323445533,43.88882704183097,45
convergent_diagonal,-33.060556128613605,43.834419935989246,46
convergent_diagonal,-33.00614902277188,43.78001283014752,47
convergent_diagonal,-32.95174191693015,43.725605724305794,48
convergent_diagonal,-32.89733481108843,43.67119861846407,49
convergent_diagonal,-32.84292770524671,43.61679151262235,50
convergent_diagonal,-32.78852059940498,43.56238440678062,51
convergent_diagonal,-32.73411349356326,43.5079773009389,52
convergent_diagonal,-32.67970638772153,43.45357019509717,53
convergent_diagonal,-32.625299281879805,43.399163089255445,54
convergent_diagonal,-32.57089217603808,43.34475598341372,55
convergent_diagonal,-32.51648507019636,43.290348877572,56
convergent_diagonal,-32.462077964354634,43.235941771730275,57
convergent_diagonal,-32.40767085851291,43.18153466588855,58
convergent_diagonal,-32.35326375267118,43.12712756004682,59
convergent_diagonal,-32.29885664682946,43.0727204542051,60
convergent_diagonal,-32.24444954098773,43.01831334836337,61
convergent_diagonal,-32.19004243514601,42.96390624252165,62
convergent_diagonal,-32.135635329304286,42.909499136679926,63
convergent_diagonal,-32.08122822346256,42.8550920308382,64
convergent_diagonal,-32.026821117620834,42.800684924996474,65
convergent_diagonal,-31.97241401177911,42.74627781915475,66
convergent_diagonal,-31.918006905937386,42.69187071331302,67
convergent_diagonal,-31.86359980009566,42.6374636074713,68
convergent_diagonal,-31.809192694253937,42.58305650162958,69
convergent_diagonal,-31.75478558841221,42.52864939578785,70
convergent_diagonal,-31.700378482570486,42.474242289946126,71
convergent_diagonal,-31.645971376728763,42.4198351841044,72
convergent_diagonal,-31.591564270887037,42.365428078262674,73
convergent_diagonal,-31.53715716504531,42.31102097242095,74
convergent_diagonal,-31.48275005920359,42.25661386657923,75
convergent_diagonal,-31.428342953361863,42.2022067607375,76
convergent_diagonal,-31.373935847520137,42.14779965489578,77
convergent_diagonal,-31.319528741678415,42.09339254905405,78
convergent_diagonal,-31.26512163583669,42.038985443212326,79
convergent_diagonal,-31.210714529994966,41.98457833737061,80
convergent_diagonal,-31.15630742415324,41.93017123152888,81
convergent_diagonal,-31.101900318311515,41.875764125687155,82
convergent_diagonal,-31.04749321246979,41.82135701984543,83
convergent_diagonal,-30.993086106628066,41.7669499140037,84
convergent_diagonal,-30.93867900078634,41.71254280816198,85
convergent_diagonal,-30.884271894944618,41.65813570232026,86
convergent_diagonal,-30.829864789102892,41.60372859647853,87
convergent_diagonal,-30.775457683261166,41.54932149063681,88
convergent_diagonal,-30.721050577419444,41.49491438479508,89
convergent_diagonal,-30.666643471577718,41.440507278953355,90
convergent_diagonal,-30.612236365735992,41.38610017311163,91
convergent_diagonal,-30.55782925989427,41.33169306726991,92
convergent_diagonal,-30.503422154052544,41.277285961428184,93
convergent_diagonal,-30.449015048210818,41.22287885558646,94
convergent_diagonal,-30.394607942369095,41.16847174974473,95
convergent_diagonal,-30.34020083652737,41.114064643903006,96
convergent_diagonal,-30.285793730685644,41.05965753806128,97
convergent_diagonal,-30.23138662484392,41.00525043221956,98
convergent_diagonal,-30.176979519002195,40.950843326377836,99
throat_entrant_arc,-30.176979519002195,40.950843326377836,0
throat_entrant_arc,-29.93662892595484,40.71239198651762,1
throat_entrant_arc,-29.694394206702487,40.4758549072931,2
throat_entrant_arc,-29.450290606808778,40.241246975674656,3
throat_entrant_arc,-29.20433348945944,40.0085829572177,4
throat_entrant_arc,-28.95653833449525,39.7778774951332,5
throat_entrant_arc,-28.7069207374379,39.54914510936623,6
throat_entrant_arc,-28.45549640850834,39.32240019568199,7
throat_entrant_arc,-28.20228117163813,39.09765702475992,8
throat_entrant_arc,-27.947290963473474,38.874929741295404,9
throat_entrant_arc,-27.690541832372165,38.65423236310963,10
throat_entrant_arc,-27.43204993739368,38.43557878026735,11
throat_entrant_arc,-27.171831547282004,38.218982754202614,12
throat_entrant_arc,-26.90990303944189,38.004457916852736,13
throat_entrant_arc,-26.646280898907975,37.792017769800296,14
throat_entrant_arc,-26.38098171730736,37.581675683423406,15
throat_entrant_arc,-26.114022191815298,37.3734448960542,16
throat_entrant_arc,-25.845419124104385,37.16733851314568,17
throat_entrant_arc,-25.575189419287096,36.963369506446874,18
throat_entrant_arc,-25.30335008485177,36.76155071318641,19
throat_entrant_arc,-25.029918229592308,36.56189483526466,20
throat_entrant_arc,-24.754911062531285,36.36441443845419,21
throat_entrant_arc,-24.478345891836966,36.16912195160906,22
throat_entrant_arc,-24.200240123733884,35.9760296658824,23
throat_entrant_arc,-23.920611261407423,35.78514973395304,24
throat_entrant_arc,-23.639476903902175,35.59649416926054,25
throat_entrant_arc,-23.356854745014278,35.41007484524907,26
throat_entrant_arc,-23.072762572177922,35.225903494620226,27
throat_entrant_arc,-22.787218265345704,35.04399170859453,28
throat_entrant_arc,-22.500239795863486,34.86435093618197,29
throat_entrant_arc,-22.21184522533917,34.68699248346137,30
throat_entrant_arc,-21.922052704506086,34.511927512868866,31
throat_entrant_arc,-21.630880472080566,34.33916704249537,32
throat_entrant_arc,-21.338346853614006,34.168721945393074,33
throat_entrant_arc,-21.044470260339647,34.000602948891206,34
throat_entrant_arc,-20.74926918801367,33.83482063392081,35
throat_entrant_arc,-20.45276221575126,33.67138543434889,36
throat_entrant_arc,-20.15496800485716,33.510307636321635,37
throat_entrant_arc,-19.8559052976513,33.35159737761713,38
throat_entrant_arc,-19.55559291628916,33.195264647007264,39
throat_entrant_arc,-19.254049761577093,33.041319283629065,40
throat_entrant_arc,-18.951294811782905,32.8897709763655,41
throat_entrant_arc,-18.647347121441257,32.74062926323558,42
throat_entrant_arc,-18.342225820154574,32.59390353079421,43
throat_entrant_arc,-18.03595011138895,32.44960301354128,44
throat_entrant_arc,-17.72853927126565,32.30773679334059,45
throat_entrant_arc,-17.420012647347853,32.16831379884819,46
throat_entrant_arc,-17.110389657422992,32.03134280495046,47
throat_entrant_arc,-16.799689788280663,31.896832432211845,48
throat_entrant_arc,-16.487932594486157,31.7647911463323,49
throat_entrant_arc,-16.175137697149804,31.63522725761448,50
throat_entrant_arc,-15.86132478269201,31.508148920440718,51
throat_entrant_arc,-15.546513601604289,31.38356413275981,52
throat_entrant_arc,-15.23072396720622,31.261480735583632,53
throat_entrant_arc,-14.913975754398441,31.141906412493675,54
throat_entrant_arc,-14.596288898411794,31.02484868915745,55
throat_entrant_arc,-14.27768339355263,30.91031493285483,56
throat_entrant_arc,-13.958179291944496,30.798312352014413,57
throat_entrant_arc,-13.637796702265986,30.688847995759787,58
throat_entrant_arc,-13.316555788485296,30.581928753465938,59
throat_entrant_arc,-12.994476768591072,30.47756135432561,60
throat_entrant_arc,-12.671579913319968,30.375752366925795,61
throat_entrant_arc,-12.34788554488088,30.276508198834357,62
throat_entrant_arc,-12.023414035675904,30.17983509619671,63
throat_entrant_arc,-11.69818580701817,30.08573914334275,64
throat_entrant_arc,-11.372221327846562,29.994226262403878,65
throat_entrant_arc,-11.045541113437508,29.905302212940327,66
throat_entrant_arc,-10.718165724113744,29.818972591578614,67
throat_entrant_arc,-10.390115763950341,29.735242831659377,68
throat_entrant_arc,-10.061411879477948,29.654118202895347,69
throat_entrant_arc,-9.732074758383334,29.57560381103972,70
throat_entrant_arc,-9.402125128207413,29.499704597564815,71
throat_entrant_arc,-9.071583755040615,29.42642533935107,72
throat_entrant_arc,-8.740471442216064,29.35577064838639,73
throat_entrant_arc,-8.408809029000127,29.28774497147591,74
throat_entrant_arc,-8.076617389280987,29.22235258996207,75
throat_entrant_arc,-7.743917430254799,29.15959761945522,76
throat_entrant_arc,-7.410730091109898,29.099484009574567,77
throat_entrant_arc,-7.077076341708939,29.042015543699584,78
throat_entrant_arc,-6.742977181269096,28.98719583873192,79
throat_entrant_arc,-6.4084536370404885,28.935028344867767,80
throat_entrant_arc,-6.073526762982676,28.885516345380665,81
throat_entrant_arc,-5.738217638439713,28.83866295641493,82
throat_entrant_arc,-5.402547366813377,28.79447112678948,83
throat_entrant_arc,-5.066537074235024,28.75294363781228,84
throat_entrant_arc,-4.730207908235958,28.714083103105267,85
throat_entrant_arc,-4.393581036416459,28.67789196843988,86
throat_entrant_arc,-4.056677645113608,28.644372511583093,87
throat_entrant_arc,-3.7195189380677616,28.613526842154116,88
throat_entrant_arc,-3.3821261350881904,28.585356901491572,89
throat_entrant_arc,-3.044520470717462,28.559864462531344,90
throat_entrant_arc,-2.7067231928950393,28.53705112969496,91
throat_entrant_arc,-2.3687555616199933,28.51691833878865,92
throat_entrant_arc,-2.0306388476129467,28.49946735691296,93
throat_entrant_arc,-1.6923943309774003,28.48469928238302,94
throat_entrant_arc,-1.3540432998603256,28.472615044659392,95
throat_entrant_arc,-1.015607049112476,28.4632154042896,96
throat_entrant_arc,-0.6771068789480498,28.45650095286026,97
throat_entrant_arc,-0.33856409360415984,28.452472112959832,98
throat_entrant_arc,2.6131938173374397e-15,28.451129138152012,99
throat_exit_arc,6.65493358815268e-16,28.451129138152012,0
throat_exit_arc,0.04488886672778901,28.451221839546932,1
throat_exit_arc,0.08977696769670442,28.451499942150303,2
throat_exit_arc,0.1346635371609443,28.45196344121797,3
throat_exit_arc,0.17954780940082235,28.452612328843113,4
throat_exit_arc,0.22442901873585017,28.453446593956357,5
throat_exit_arc,0.26930639953778224,28.45446622232598,6
throat_exit_arc,0.314179186243684,28.45567119655815,7
throat_exit_arc,0.3590466133689988,28.457061496097218,8
throat_exit_arc,0.4039079155205892,28.458637097226074,9
throat_exit_arc,0.4487623274098136,28.46039797306655,10
throat_exit_arc,0.4936090838655638,28.46234409357988,11
throat_exit_arc,0.5384474198473257,28.464475425567198,12
throat_exit_arc,0.5832765704582374,28.466791932670134,13
throat_exit_arc,0.6280957709581203,28.46929357537141,14
throat_exit_arc,0.6729042567765445,28.47198031099552,15
throat_exit_arc,0.7177012635258544,28.47485209370945,16
throat_exit_arc,0.7624860270142158,28.477908874523493,17
throat_exit_arc,0.8072577832586595,28.481150601292033,18
throat_exit_arc,0.852015768498097,28.48457721871448,19
throat_exit_arc,0.8967592192063693,28.488188668336193,20
throat_exit_arc,0.941487372105254,28.49198488854948,21
throat_exit_arc,0.9861994641774947,28.49596581459464,22
throat_exit_arc,1.030894732679823,28.500131378561086,23
throat_exit_arc,1.0755724151559545,28.504481509388484,24
throat_exit_arc,1.1202317494496141,28.509016132868,25
throat_exit_arc,1.1648719737175213,28.5137351716435,26
throat_exit_arc,1.2094923264423931,28.518638545212948,27
throat_exit_arc,1.2540920464459424,28.523726169929727,28
throat_exit_arc,1.2986703729018483,28.52899795900408,29
throat_exit_arc,1.3432265453487422,28.534453822504588,30
throat_exit_arc,1.3877598037031877,28.54009366735972,31
throat_exit_arc,1.4322693882726305,28.545917397359403,32
throat_exit_arc,1.4767545397683766,28.551924913156654,33
throat_exit_arc,1.5212144993185286,28.558116112269317,34
throat_exit_arc,1.5656485084809377,28.56449088908176,35
throat_exit_arc,1.610055809256151,28.571049134846714,36
throat_exit_arc,1.654435644100323,28.577790737687103,37
throat_exit_arc,1.6987872559381598,28.584715582597976,38
throat_exit_arc,1.7431098881758154,28.59182355144845,39
throat_exit_arc,1.7874027847138076,28.59911452298373,40
throat_exit_arc,1.831665189959922,28.606588372827183,41
throat_exit_arc,1.8758963488420854,28.61424497348246,42
throat_exit_arc,1.9200955068212657,28.62208419433566,43
throat_exit_arc,1.964261909904327,28.630105901657565,44
throat_exit_arc,2.0083948046568985,28.63830995860593,45
throat_exit_arc,2.052493438216235,28.6466962252278,46
throat_exit_arc,2.0965570583040467,28.65526455846191,47
throat_exit_arc,2.140584913239337,28.664014812141122,48
throat_exit_arc,2.184576251951234,28.672946836994925,49
throat_exit_arc,2.2285303239917877,28.682060480651955,50
throat_exit_arc,2.2724463795487875,28.69135558764264,51
throat_exit_arc,2.31632366945854,28.700831999401807,52
throat_exit_arc,2.3601614452186546,28.710489554271415,53
throat_exit_arc,2.403958959000819,28.720328087503297,54
throat_exit_arc,2.44771546366354,28.73034743126199,55
throat_exit_arc,2.491430212764909,28.74054741462757,56
throat_exit_arc,2.535102460575318,28.75092786359859,57
throat_exit_arc,2.5787314620901873,28.76148860109505,58
throat_exit_arc,2.6223164730426833,28.772229446961394,59
throat_exit_arc,2.6658567499163976,28.783150217969606,60
throat_exit_arc,2.709351549958049,28.794250727822334,61
throat_exit_arc,2.75280013119014,28.80553078715605,62
throat_exit_arc,2.796201752423617,28.816990203544304,63
throat_exit_arc,2.8395556732705254,28.82862878150099,64
throat_exit_arc,2.8828611541566205,28.84044632248368,65
throat_exit_arc,2.926117456334006,28.852442624897023,66
throat_exit_arc,2.9693238418937162,28.864617484096186,67
throat_exit_arc,3.0124795737783123,28.87697069239033,68
throat_exit_arc,3.055583915794464,28.88950203904615,69
throat_exit_arc,3.0986361326254914,28.90221131029149,70
throat_exit_arc,3.141635489843927,28.91509828931899,71
throat_exit_arc,3.1845812539240272,28.928162756289755,72
throat_exit_arc,3.2274726922542936,28.94140448833713,73
throat_exit_arc,3.270309073149978,28.954823259570503,74
throat_exit_arc,3.3130896658655478,28.968418841079142,75
throat_exit_arc,3.355813740607168,28.982191000936123,76
throat_exit_arc,3.3984805685451382,28.996139504202258,77
throat_exit_arc,3.4410894218263297,29.01026411293013,78
throat_exit_arc,3.483639573586611,29.024564586168133,79
throat_exit_arc,3.5261302979632285,29.03904067996459,80
throat_exit_arc,3.568560870107211,29.05369214737192,81
throat_exit_arc,3.6109305661957163,29.068518738450837,82
throat_exit_arc,3.6532386634443856,29.083520200274627,83
throat_exit_arc,3.695484440119683,29.09869627693346,84
throat_exit_arc,3.737667175551188,29.11404670953874,85
throat_exit_arc,3.779786150143909,29.129571236227545,86
throat_exit_arc,3.821840645390546,29.145269592167082,87
throat_exit_arc,3.863829943883748,29.1611415095592,88
throat_exit_arc,3.9057533293283653,29.17718671764498,89
throat_exit_arc,3.947610086553647,29.19340494270931,90
throat_exit_arc,3.9893995015254626,29.209795908085614,91
throat_exit_arc,4.031120861358465,29.22635933416052,92
throat_exit_arc,4.072773454328261,29.243094938378654,93
throat_exit_arc,4.114356569883556,29.260002435247465,94
throat_exit_arc,4.155869498658261,29.277081536342067,95
throat_exit_arc,4.1973115324836145,29.294331950310205,96
throat_exit_arc,4.23868196440024,29.31175338287718,97
throat_exit_arc,4.2799800886702215,29.329345536850887,98
throat_exit_arc,4.3212052007891435,29.347108112126904,99
bell,4.3212052007891435,29.347108112126904,0
bell,5.568756722398013,29.88662112101635,1
bell,6.814063410194591,30.423013002428206,2
bell,8.057125264178879,30.95628375636249,3
bell,9.297942284350878,31.486433382819182,4
bell,10.536514470710582,32.01346188179829,5
bell,11.772841823258,32.53736925329983,6
bell,13.006924341993125,33.05815549732376,7
bell,14.238762026915959,33.57582061387013,8
bell,15.468354878026501,34.090364602938905,9
bell,16.695702895324754,34.6017874645301,10
bell,17.920806078810713,35.110089198643706,11
bell,19.143664428484385,35.61526980527973,12
bell,20.36427794434577,36.117329284438185,13
bell,21.582646626394858,36.61626763611905,14
bell,22.79877047463166,37.11208486032233,15
bell,24.012649489056166,37.604780957048014,16
bell,25.22428366966838,38.094355926296124,17
bell,26.43367301646831,38.58080976806665,18
bell,27.640817529455948,39.06414248235961,19
bell,28.8457172086313,39.54435406917496,20
bell,30.048372053994342,40.02144452851274,21
bell,31.248782065545115,40.495413860372935,22
bell,32.44694724328359,40.96626206475555,23
bell,33.642867587209764,41.43398914166057,24
bell,34.83654309732366,41.89859509108801,25
bell,36.02797377362526,42.36007991303788,26
bell,37.21715961611458,42.81844360751016,27
bell,38.404100624791596,43.27368617450486,28
bell,39.58879679965632,43.72580761402196,29
bell,40.771248140708764,44.1748079260615,30
bell,41.95145464794891,44.620687110623436,31
bell,43.12941632137676,45.0634451677078,32
bell,44.305133160992334,45.503082097314575,33
bell,45.47860516679561,45.939597899443775,34
bell,46.649832338786595,46.372992574095385,35
bell,47.818814676965275,46.80326612126941,36
bell,48.98555218133169,47.23041854096586,37
bell,50.1500448518858,47.65444983318472,38
bell,51.31229268862762,48.07535999792599,39
bell,52.47229569155716,48.493149035189695,40
bell,53.630053860674394,48.90781694497581,41
bell,54.78556719597934,49.31936372728433,42
bell,55.938835697472,49.727789382115276,43
bell,57.08985936515238,50.13309390946864,44
bell,58.23863819902044,50.535277309344416,45
bell,59.38517219907624,50.93433958174261,46
bell,60.52946136531973,51.330280726663226,47
bell,61.67150569775094,51.723100744106254,48
bell,62.81130519636985,52.11279963407169,49
bell,63.94885986117648,52.49937739655956,50
bell,65.08416969217082,52.88283403156984,51
bell,66.21723468935286,53.263169539102535,52
bell,67.3480548527226,53.64038391915764,53
bell,68.47663018228008,54.01447717173517,54
bell,69.60296067802523,54.38544929683512,55
bell,70.72704633995812,54.75330029445749,56
bell,71.8488871680787,55.11803016460226,57
bell,72.968483162387,55.47963890726945,58
bell,74.08583432288302,55.83812652245907,59
bell,75.20094064956673,56.193493010171096,60
bell,76.31380214243816,56.54573837040554,61
bell,77.4244188014973,56.8948626031624,62
bell,78.53279062674414,57.24086570844168,63
bell,79.63891761817868,57.58374768624337,64
bell,80.74279977580095,57.92350853656748,65
bell,81.84443709961093,58.26014825941402,66
bell,82.94382958960861,58.59366685478296,67
bell,84.04097724579401,58.924064322674326,68
bell,85.1358800681671,59.2513406630881,69
bell,86.22853805672793,59.5754958760243,70
bell,87.31895121147643,59.89652996148291,71
bell,88.40711953241265,60.214442919463934,72
bell,89.4930430195366,60.52923474996739,73
bell,90.57672167284824,60.84090545299324,74
bell,91.6581554923476,61.149455028541524,75
bell,92.73734447803466,61.454883476612224,76
bell,93.81428862990944,61.757190797205325,77
bell,94.88898794797193,62.05637699032086,78
bell,95.96144243222211,62.352442055958804,79
bell,97.03165208266003,62.64538599411918,80
bell,98.09961689928564,62.935208804801945,81
bell,99.16533688209897,63.22191048800715,82
bell,100.22881203109998,63.50549104373476,83
bell,101.29004234628873,63.78595047198479,84
bell,102.34902782766518,64.06328877275723,85
bell,103.40576847522934,64.33750594605209,86
bell,104.46026428898121,64.60860199186938,87
bell,105.51251526892078,64.87657691020907,88
bell,106.56252141504807,65.14143070107119,89
bell,107.61028272736306,65.40316336445571,90
bell,108.65579920586576,65.66177490036266,91
bell,109.69907085055618,65.91726530879203,92
bell,110.74009766143429,66.1696345897438,93
bell,111.77887963850013,66.41888274321799,94
bell,112.81541678175368,66.6650097692146,95
bell,113.84970909119492,66.90801566773364,96
bell,114.88175656682388,67.14790043877508,97
bell,115.91155920864055,67.38466408233894,98
bell,116.93911701664493,67.61830659842522,99
