"The first row indicates mass flow rate, the left column the RPM and the values of the cells in between is the predicted output HP",,,,,,,,,,,,,,,,,,,,,,,,,,,,,,,,,,,,,,,,,,,,,,,,,,
Turbine RPM/Mass Flow (lbm/s),0.125,0.160714285714286,0.196428571428571,0.232142857142857,0.267857142857143,0.303571428571429,0.339285714285714,0.375,0.410714285714286,0.446428571428571,0.482142857142857,0.517857142857143,0.553571428571429,0.589285714285714,0.625,0.660714285714286,0.696428571428571,0.732142857142857,0.767857142857143,0.803571428571429,0.839285714285714,0.875,0.910714285714286,0.946428571428571,0.982142857142857,1.01785714285714,1.05357142857143,1.08928571428571,1.125,1.16071428571429,1.19642857142857,1.23214285714286,1.26785714285714,1.30357142857143,1.33928571428571,1.375,1.41071428571429,1.44642857142857,1.48214285714286,1.51785714285714,1.55357142857143,1.58928571428571,1.625,1.66071428571429,1.69642857142857,1.73214285714286,1.76785714285714,1.80357142857143,1.83928571428571,1.875
25000,1.9027989318388,2.58314830168612,3.2571970129903,3.93551611256824,4.62248125680891,5.32006625497587,6.02926556155366,6.75062843841701,7.484481165337,8.23102912373274,8.99040778997923,9.76271003282471,10.5480015895889,11.3463302729454,12.1577316761307,12.9822328341461,13.8198546454873,14.6706135169547,15.5345225071236,16.4115921378873,17.3018309811552,18.2052460900957,19.1218433208961,20.0516275761218,20.994602991072,21.9507730781125,22.9201408396321,23.9027088572971,24.8984793632061,25.9074542970845,26.929635352612,27.9650240152159,29.0136215931096,30.0754292429423,31.1504479911219,32.2386787516371,33.3401223410331,34.4547794910551,35.5826508593751,36.7237370387296,37.8780385647387,39.0455559226223,40.2262895529899,41.4202398568507,42.6274071999641,43.8477919166281,45.0813943129905,46.3282146699499,47.5882532457058,48.8615102780053
26020.4081632653,2.03838272569543,2.77820214154797,3.50846700821618,4.24160361714192,4.98293114805574,5.73486121924313,6.49860732085599,7.27483788435823,8.0639488506372,8.86618879284397,9.68172129239168,10.5106582516589,11.3530787366965,12.2090401622669,13.0785852090077,13.9617462542572,14.8585482979863,15.7690109470581,16.6931497927898,17.6309773874116,18.5825039491841,19.5477378801388,20.5266861520054,21.5193545978438,22.5257481351825,23.5458709387081,24.5797265753197,25.6273181107726,26.6886481946461,27.7637191285999,28.8525329216335,29.9550913351423,31.0713959199034,32.2014480466276,33.3452489313448,34.5027996566152,35.6741011893444,36.8591543958208,38.0579600544662,39.2705188666972,40.4968314662138,41.7368984269769,42.9907202700826,44.2582974697108,45.5396304582867,46.8347196309773,48.143565349618,49.4661679461538,50.8025277256623,52.1526449690177
27040.8163265306,2.17600343011104,2.97836239486325,3.76755617052205,4.55791897037786,5.3558498655083,6.16427205140568,6.98465591741291,7.81780954304315,8.66421032239039,9.52415720691877,10.39784648061,11.2854121438489,12.1869487061495,13.1025246876678,14.0321909527058,14.9759860382511,15.9339396669854,16.9060751261396,17.8924109167633,18.8929619213327,19.9077402459456,20.9367558380695,21.9800169465762,23.0375304690663,24.1093022174046,25.1953371230656,26.2956393976131,27.4102126593401,28.5390600341035,29.6821842362841,30.8395876342924,32.0112723039541,33.1972400723125,34.3974925537944,35.6120311802482,36.8408572260324,38.0839718290793,39.3413760086679,40.6130706804897,41.8990566694768,43.1993347207711,44.5139055091393,45.8427696470875,47.1859276918773,48.5433801516156,49.9151274905558,51.301170133727,52.7015084709909,54.1161428606031,55.5450736323527
28061.2244897959,2.31533421728408,3.18330731164598,4.03421808066493,4.88426966181042,5.74107963035668,6.60816403243197,7.48729267339154,8.37943638641054,9.28516732666916,10.2048429229293,11.1386973327968,12.0868900940781,13.0495335284214,14.0267089419321,15.0184766058907,16.0248821274544,17.0459606430447,18.0817396537781,19.1322409886569,20.1974821927197,21.2774775271907,22.3722387023327,23.4817754226805,24.6060957983314,25.7452066591273,26.8991137974383,28.0678221577675,29.2513359862775,30.449658949775,31.6627942311897,32.8907446067857,34.1335125090561,35.3911000783016,36.6635092051996,37.9507415661449,39.2527986527553,40.5696817966351,41.9013921902612,43.2479309046832,44.6092989045892,45.985497061183,47.3765261632371,48.7823869266123,50.2030800024894,51.6386059845109,53.0889654149962,54.5541587903693,56.0341865659119,57.5290491599378,59.0387469574691
29081.6326530612,2.45607015201279,3.39270323266035,4.30819230860012,5.22045229009559,6.13845445761654,7.06639611198345,8.00639387396472,8.95960726526167,9.92671815674218,10.9081515473012,11.9041852640302,12.915008229747,13.9407532228724,14.9815162083245,16.0373682252824,17.1083629623766,18.1945417361393,19.2959368524472,20.4125739308509,21.5444735460996,22.6916524095323,23.8541242338522,25.0319003759017,26.2249903211108,27.4334020532666,28.6571423400377,29.8962169558032,31.1506308572657,32.4203883231109,33.7054930660121,35.0059483231579,36.3217569299568,37.6529213804532,38.9994438771669,40.3613263724529,41.7385706030193,43.131178118885,44.5391503077964,45.9624884159116,47.4011935653998,48.8552667694819,50.324708945333,51.8095209251956,53.3097034659846,54.8252572576176,56.356182930266,57.9024810606818,59.4641521777395,61.0411967673022,62.6336152765044
30102.0408163265,2.59793402349874,3.60620723298192,4.58920451745869,5.56625223420614,6.54779983274928,7.53882065099644,8.54183056916825,9.55820675590739,10.5887575325002,11.6339856394141,12.6942190477437,13.7696803560133,14.8605257432826,15.9668679143531,17.0887901859721,18.2263554483176,19.379612045593,20.5485977410251,21.7333424549899,22.9338701964727,24.150200451602,25.3823491990232,26.6303296639095,27.8941528857559,29.1738281514179,30.4693633292418,31.7807651296464,33.1080393103566,34.451190839521,35.8102240264548,37.1851426272573,38.5759499307595,39.9826488289418,41.405241874999,42.843731331507,44.2981192106035,45.768407307686,47.2545972298136,48.75669041976,50.2746881764725,51.8085916725508,53.3584019692371,54.9241200293237,56.5057467283053,58.103282864051,59.7167291652169,61.34608629859,62.991354875516,64.6525354575418,66.329628561384
31122.4489795918,2.74068074466131,3.82347032629224,4.87696678243679,5.92144337803426,6.96893239831005,8.02528316333944,9.09346837246318,10.1751150034341,11.2711764769636,12.3822446127071,13.5087047352261,14.650817889263,15.8087669221088,16.9826835844864,18.172665140873,19.3787849202537,20.601099229404,21.8396520077895,23.0944780380401,24.3656052079505,25.6530561348799,26.9568493524187,28.2770001907862,29.6135214392296,30.9664238508145,32.3357165316302,33.7214072441155,35.1235026458025,36.5420084789546,37.976929722481,39.428270714592,40.8960352525608,42.380226674423,43.880847926313,45.3979016182986,46.9313900709411,48.4813153543271,50.0476793209551,51.6304836335775,53.2297297888743,54.8454191376719,56.4775529022794,58.12613219141,59.7911580130728,61.4726312857472,63.1705528481035,64.8849234674835,66.6157438473234,68.363014633668,70.1267364209049
32142.8571428571,2.884100033823,4.04414117000142,5.17117815593535,6.28578790190253,7.40165965538366,8.52562205828261,9.66116725667366,10.8102075618585,11.9738621899796,13.152824633429,14.3475455731953,15.5583297890119,16.7853904134589,18.0288807918153,19.2889139792988,20.5655751069942,21.8589294729575,23.1690279828911,24.4959108979016,25.8396104720095,27.2001528441926,28.5775594192082,29.9718478910996,31.3830330126141,32.811127181088,34.2561408898449,35.7180830797514,37.1969614157453,38.692782506355,40.2055520794525,41.7352751240813,43.2819560057555,44.8455985608387,46.4262061742972,48.0237818441455,49.6383282351639,51.269847723917,52.9183424366684,54.5838142814689,56.2662649754337,57.9656960680303,59.6821089610402,61.4155049257373,63.1658851177226,64.9332505897833,66.717602303072,68.5189411368615,70.3372678970778,72.1725833237897,74.0248880977982
33163.2653061224,3.02801730103465,4.26787016648129,5.4715255074619,6.65903615568809,7.84577968522277,9.03966838579497,10.2447813480922,11.4633552314958,12.6966979192466,13.94561851709,15.2106419194647,16.4921224882424,17.7903076347817,19.1053751086572,20.4374557846625,21.7866480946034,23.1530274571186,24.5366526103033,25.9375699685716,27.3558166853598,28.791422847877,30.2444130772842,31.7148077137202,33.2026237063948,34.7078752908312,36.2305745102736,37.7707316214893,39.328355413765,40.9034534619873,42.4960323291531,44.1060977297048,45.7336546622476,47.3787075181355,49.0412601708912,50.7213160502886,52.4188782040811,54.1339493497122,55.8665319178529,57.6166280892347,59.3842398259513,61.169368898173,62.9720169070406,64.7921853043603,66.6298754096074,68.4850884246617,70.3578254466163,72.248087478949,74.1558754412947,76.0811901780196,78.0240324657644
34183.6734693877,3.17229286351404,4.49431381248605,5.77768466164301,7.04092662925235,8.30108089717626,9.5672455869851,10.8441587196755,12.1344238939276,13.439562828829,14.7605156226845,16.09789115673,17.4520998221822,18.8234277072723,20.2120800560955,21.6182077912912,23.0419242890814,24.4833163257008,25.942451419239,27.4193828748534,28.9141533274221,30.4267972776053,31.9573429390936,33.5058136053809,35.0722286755159,36.6566044339584,38.2589546505545,39.879291047172,41.5176236642848,43.1739611516371,44.8483110006969,46.5406797320457,48.2510730475654,49.9794959548968,51.7259528698847,53.4904477014179,55.2729839220919,57.0735646273827,58.8921925854506,60.7288702792598,62.5835999423614,64.4563835894243,66.3472230423906,68.2561199529708,70.1830758220607,72.1280920165625,74.0911697840039,76.0723102652851,78.0715145058277,80.0887834653537,82.1241180264867
35204.0816326531,3.31681977356026,4.7231391131748,6.0893218499202,7.43118603653176,8.7673418096736,10.1081692523228,11.4591411843992,12.8232743450222,14.2023318653636,15.5974017447736,17.009187604516,18.4381629555423,19.8846573949948,21.3489070524548,22.8310853403513,24.3313223782989,25.849717652304,27.3863484950333,28.9412759066072,30.5145486374106,32.1062061078681,33.7162805331725,35.3447984939753,36.9917821142077,38.6572499558638,40.341217706901,42.0436987159014,43.7647044118326,45.5042446366805,47.2623279113196,49.038961649729,50.8341523328821,52.6479056508877,54.4802266199388,56.3311196791242,58.2005887710311,60.0886374092175,61.9952687349802,63.9204855653491,65.8642904338466,67.8266856252559,69.8076732053959,71.8072550467237,73.8254328504278,75.8622081655614,77.9175824056693,79.9915568632799,82.0841327225795,84.195311070525,86.3250929066185
36224.4897959184,3.46152063545891,4.95402785496048,6.40609548101427,7.8295295298628,9.24433087169096,10.6622468906172,12.089564089994,13.5297621265327,14.9848756221897,16.4561590035328,17.9444224293277,19.4502103082309,20.9739010427306,22.5157653607103,24.0760018348825,25.6547592931828,27.2521514065185,28.8682664494865,30.5031739925396,32.1569295910175,33.829578135113,35.521156285379,37.2316942715926,38.9612172405803,40.7097462793738,42.4772992012439,44.2638911562281,46.069535110156,47.8942422240223,49.738022157051,51.6008833107519,53.4828330269374,55.3838777495112,57.3040231575246,59.2432742752768,61.2016355639464,63.1791109982662,65.1757041310129,67.1914181475101,69.2262559119018,71.2802200066106,73.353312766122,75.4455363060228,77.5568925480563,79.6873832418132,81.8370099835759,84.0057742327426,86.1936773261838,88.4007204908313,90.6269048547462
37244.8979591837,3.60634381197568,5.18668052738689,6.72765822219446,8.235661060755,9.73180633274227,11.2292777120807,12.7352561164541,14.2537373568794,15.7870602016788,17.3366657328924,18.9034835530677,20.4881374795711,22.0910605125605,23.7125620348348,25.3528686939394,27.0121501681485,28.6905359194924,30.3881263906632,32.1050006735262,33.8412218766965,35.5968409565345,37.3718994998233,39.1664317772873,40.9804662809851,42.8140268904934,44.6671337681895,46.5398040541766,48.4320524111913,50.3438914559026,52.2753321032695,54.2263838437076,56.1970549678628,58.1873527501756,60.1972835997821,62.2268531853285,64.2760665388084,66.3449281424197,68.4334420015914,70.5416117066829,72.6694404853495,74.816931247182,76.9840866219163,79.1709089922684,81.3774005222535,83.6035631817011,85.8493987675461,88.114908922379,90.4000951506609,92.7049588329363,95.0295012383283
38265.306122449,3.75125938829169,5.42081970065922,7.05365936823923,8.64927390225849,10.2295161699806,11.8090524291676,13.3960390778866,14.9950445618067,16.6087470760781,18.2387963669192,19.8862555597883,21.5518371710549,23.236035119197,24.9392018650879,26.6615953058388,28.4034083007776,30.1647878488561,31.9458478921448,33.7466780754663,35.5673498715409,37.4079209485138,39.2684383394923,41.1489407795799,43.0494604541389,44.970024323943,46.9106551417928,48.8713722411051,50.852192153884,52.8531290995706,54.8741953751356,56.9154016689,58.9767573149079,61.0582705005723,63.1599484372965,65.2817975015438,67.4238233521516,69.5860310284265,71.7684250325906,73.9710093994159,76.1937877553059,78.436763368646,80.699939192888,82.983317903564,85.2869019302033,87.6106934839525,89.9546945815581,92.3189070662593,94.7033326260429,97.1079728096441,99.532829040608
39285.7142857143,3.8962551921575,5.65619270142692,7.38374745853484,9.07005134617336,10.7371980814259,12.4013530792422,14.0717277304597,15.7535225056987,17.4497929472342,19.1624213246133,20.8926196008641,22.6411991076743,24.4087215640836,26.1955873222538,28.0020889805181,29.8284451107389,31.674822143005,33.5413489617324,35.428126881664,37.335236616755,39.2627432447036,41.210699806564,43.1791499586879,45.1681299550099,47.1776701484838,49.2077961421423,51.2585296813976,53.3298893528595,55.4218911368229,57.534548847905,59.6678744893478,61.8218785400668,63.9965701888629,66.1919575267924,68.4080477061528,70.6448470726454,72.9023612758457,75.1805953620192,77.4795538524871,79.7992408100964,82.1396598958485,84.500814417343,86.8827073703845,89.2853414748494,91.7087192057177,94.1528428200111,96.6177143802546,99.1033357749719,101.609708736647,104.136834857502
40306.1224489796,4.04133308490876,5.89257348080281,7.71757308616195,9.49766758551731,11.2545795546131,13.0059528734851,14.762129588401,16.5290040244359,18.310049605606,20.1074068933194,21.9224532986821,23.7561099578777,25.6090138682855,27.4816185008407,29.3742549010041,31.2871700979552,33.2205520047367,35.1745460095968,37.1492663047358,39.1448037927139,41.1612317137579,43.1986097224128,45.256986888483,47.3364039384638,49.436894952032,51.5584886617569,53.7012094599887,55.8650781869427,58.050112753407,60.2563286371183,62.48373928168,64.7323564196046,67.0021903357745,69.2932500837436,71.6055436644284,73.9390781745966,76.293859930936,78.6698945742624,81.0671871574715,83.48574222012,85.9255638519432,88.3866557471773,90.8690212512016,93.3726634007371,95.897584958616,98.4437884439576,101.011276158444,103.600050209269,106.210112529244,108.841464894461
41326.5306122449,4.18650565575281,6.12976362873752,8.05479182747277,9.93178878884382,11.7813780200317,13.6226160767884,15.4670447502061,17.3213158607803,19.1893637890373,21.0736151109798,22.9756306489645,24.8964532522096,26.8368033042009,28.7971930612532,30.7779960740025,32.7794908000138,34.8018888542429,36.8453538158758,38.9100140580402,40.9959716936116,43.1033089367014,45.2320927072995,47.3823780181744,49.5542105026672,51.7476283265574,53.9626636517917,56.1993437697171,58.457691987526,60.7377283282881,63.0394700886682,65.3629322869174,67.7081280254827,70.0750687866045,72.4637646749001,74.8742246176866,77.3064565313798,79.7604674604797,82.2362636942647,84.7338508652529,87.2532340326645,89.7944177534857,92.3574061432259,94.9422029280711,97.5488114898205,100.177234904745,102.827475977301,105.499537269488,108.193421126472,110.909129699039,113.646664963312
42346.9387755102,4.33179338199174,6.36759254989924,8.39506720808621,10.3720743681786,12.3173010985573,14.2510979236993,16.1862657374202,18.1302785033872,20.0875770418109,22.0609036474896,24.0520219218545,26.0621093007007,28.0919783261259,30.142206170955,32.2132132796123,34.3053127488276,36.4187422914556,38.5536854977152,40.7102863266285,42.8886592016936,45.0888961839395,47.3110721597477,49.5552486537149,51.8214766722475,54.1097988527669,56.4202511080521,58.7528638985089,61.1076632267832,63.484671422777,65.8839077687423,68.3053890011439,70.7491297166815,73.2151427031301,75.7034392107302,78.2140291762097,80.7469214087985,83.3021237455409,85.8796431816538,88.4794859804806,91.1016577666682,93.7461636054766,96.4130080705672,99.102195302177,101.813729057229,104.547612752652,107.303849502965,110.082442152977,112.883393306352,115.706705350604,118.552380479063
43367.3469387755,4.47722226515793,6.60591687065354,8.73807361289588,10.8181784365828,12.862046951611,14.8911445757376,16.9195773485664,18.9557060306575,21.0045255745709,23.0691256854432,25.1514935619138,27.252955109086,29.3744244997152,31.5165504446451,33.679805020177,35.8645394265478,38.07102005775,40.2994524757544,42.5499977377152,44.8227837610725,47.1179133919041,49.4354702356013,51.7755229389276,54.1381283812063,56.5233340845691,58.9311800568139,61.3617002163868,63.8149235057294,66.2908747695203,68.7895754536402,71.3110441660627,73.8552971304211,76.4223485554267,79.0122109377761,81.6248953120909,84.2604114583734,86.9187680751595,89.5999729248015,92.3040329559701,95.0309544074325,97.7807428963595,100.553403493784,103.348940789336,106.167358946996,109.008661753279,111.872852659019,114.759934815739,117.669911107385,120.602784178115,123.558556456695
44387.7551020408,4.62282191753511,6.84461918885594,9.08349904478765,11.269751444809,13.4153047419692,15.5424931256204,17.6667565310013,19.7974059607658,21.9400401257648,24.0981298006,26.2739080872004,28.4688642939387,30.6840244303843,32.9201158834687,35.1776674682858,37.4570722207364,39.7586279970043,42.0825644400576,44.4290613306672,46.7982613511265,49.1902791393357,51.6052078267638,54.0431238363534,56.5040904555858,58.9881605333209,61.4953785404491,64.0257821623073,66.5794035421242,69.1562702613498,71.7564061194648,74.3798317594392,77.0265651732776,79.6966221135904,82.3900164309255,85.1067603520011,87.8468647105589,90.6103391399773,93.3971922348266,96.2074316870474,99.0410644012798,101.89809659297,104.778533872177,107.682381315459,110.609643527753,113.560324695854,116.534428634785,119.531958828125,122.552918463215,125.597310461969,128.665137507917
45408.1632653061,4.76862405278918,7.08360630478323,9.43104764001829,11.7264419794292,13.9767552119542,16.2048716540509,18.4275722736748,20.655179109322,22.893945825322,25.1477598424321,27.4191239876159,29.7097069968214,32.0206576907081,34.3527898132958,36.7066944139386,39.0828103788053,41.4814700160223,43.9029293154887,46.3473885265111,48.8150064594767,51.3059106231984,53.8202045396165,56.3579731078151,58.9192865958859,61.5042036518527,64.1127736028546,66.7450382308203,69.4010331582187,72.0807889399906,74.7843319316857,77.511684985429,80.2628680121955,83.0378984393665,85.836791585595,88.6595609698757,91.5062185678876,94.376775025799,97.2712398395346,100.189621505837,103.131927650161,106.098165135434,109.088340154941,112.102458311973,115.140524688374,118.202543903769,121.288520166896,124.398457320255,127.532358879067,130.690228065362,133.872067837901
46428.5714285714,4.91466132497411,7.32280708218324,9.78044185770023,12.1878986975214,14.5460713841295,16.8779993447626,19.2017855239576,21.5288194562513,23.8660620613614,26.2178548151586,28.5869956227333,30.9753497975676,33.3842007468769,35.8144568220976,38.2667772108949,40.7416509617318,43.2394480443212,45.7604532265353,48.3048890969591,50.8729320545465,53.4647236342283,56.0803786731139,58.7199912946987,61.3836393592307,64.0713878182715,66.7832912746841,69.5193959585542,72.2797412683441,75.0643609846273,77.8732842345746,80.7065362647885,83.5641390653945,86.4461118776811,89.3524716098261,92.2832331795214,95.2384097980407,98.2180132070836,101.222053877295,104.250541175493,107.303483506211,110.380888432022,113.482762776283,116.609112711196,119.759943833595,122.935261230398,126.135069535328,129.35937297824,132.608175428144,135.881480430848,139.179291241992
47448.9795918367,5.0609664585353,7.56217008493786,10.1314242759702,12.6537723659104,15.1229193875879,17.5615866634158,19.9891491318661,22.4181140236046,24.856202350793,27.3082487597101,29.7773731193399,32.2656556268199,34.7745268842809,37.3049986964628,39.8578047222266,42.4334887970619,45.0324619932924,47.6550404615816,50.3014711329543,52.9719495576989,55.6666325321137,58.385647196557,61.1290976979494,63.8970701412836,66.6896363195408,69.5068565583802,72.3487819105219,75.2154558663401,78.106915700327,81.023193540512,83.9643172249705,86.9303109931708,89.9211960480778,92.9369910162948,95.9777123271443,99.0433745268457,102.133990540372,105.249571890857,108.390128884371,111.555670766245,114.74620585395,117.961741650507,121.202284941678,124.467841879583,127.758418054896,131.074018559399,134.414648040366,137.780310747988,141.171010576861,144.586751102383
48469.387755102,5.20757161515512,7.80166112051936,10.4837589469473,13.1237179665352,15.7069594104646,18.2553356057198,20.7894078251546,23.3228427661348,25.8641742147547,28.4187706371136,30.9901022689572,33.5804836779675,36.1915061323005,38.8242943572958,41.4796632651003,44.1582164312163,46.8604097147413,49.5865934366359,52.3370410127368,55.1119688149548,57.9115502203063,60.7359257270409,63.5852103577817,66.4594991579086,69.3588713348357,72.2833934130072,75.233121666249,78.2081040128252,81.2083815063185,84.2339895191634,87.2849586901009,90.3613156885906,93.463083836056,96.590283614231,99.7429330837943,102.921048231198,106.12464325764,109.353730821107,112.608322240144,115.888427666212,119.19405623013,122.525216167045,125.88191492349,129.26415924947,132.671955277952,136.105308593725,139.564224293243,143.04870703681,146.558761094218,150.094390384773
49489.7959183674,5.35450794912799,8.04126080018069,10.8372322847848,13.597396824245,16.2978467764547,18.9589400197651,21.6022982188492,24.2427784765984,26.8897790599065,29.5492442138331,32.2250244256211,34.9196893186385,37.6350051883902,40.3722197947468,43.132236554818,45.9157240811133,48.7231869588162,51.5550126585155,54.4115033694324,57.2928980682918,60.1993881204637,63.1311285065789,66.0882460331027,69.0708454265781,72.0790139186721,75.1128247388819,78.1723398057214,81.257611822303,84.3686859241256,87.5056009865245,90.668390670837,93.8570842680777,97.0717073843118,100.31228250125,103.57882943773,106.871365731912,110.189906959592,113.534467000749,116.90505826386,120.301691875583,123.724377841877,127.173125185447,130.647942063473,134.148835868842,137.675813317507,141.228880524152,144.808043067933,148.413306049795,152.044674142584,155.702151634993
50510.2040816327,5.5018053098545,8.28096220140762,11.1916534840187,14.0744787096609,16.8952331399316,19.6720860069886,22.4275488628628,25.1776867078569,27.9328120666831,30.6994879496485,33.4819764042401,36.2831240019215,39.1048873415545,41.9486480024304,44.8154056481465,47.705899585129,50.6206873313357,53.560196687497,56.5247610581677,59.5146439265238,62.5300561465231,65.5711683788995,68.6381201806471,71.7310267475249,74.8499839838095,77.9950723620034,81.1663598951526,84.3639044501085,87.5877555655545,90.8379558938348,94.1145423541076,97.4175470618916,100.746998083881,104.102920055091,107.485334686702,110.89426118649,114.329716608877,117.791716147941,121.280273383941,124.795400491696,128.337108417557,131.905407030318,135.500305250451,139.1218111612,142.769932104435,146.444674763642,150.146045236031,153.874049095369,157.628691446919,161.409976975605
51530.612244898,5.64949205701404,8.52076869366723,11.5468544870587,14.5546438680596,17.4987677908222,20.3944524054407,23.2648803313389,26.1273257139572,28.9930620856859,31.8693148887066,34.7607903798729,37.6706351775074,40.6010123953228,43.5534489109939,46.5290488859735,49.5286283534144,52.5528022505277,55.6020420994366,58.6767151227145,61.7771113357655,64.9034626784068,68.0559567659195,71.2347469338247,74.4399596846395,77.6717002839258,80.9300570182782,84.215104472569,87.52690607919,90.865516120536,94.2309813163594,97.6233420927317,101.042633604497,104.488886565183,107.962127925273,111.46238143015,114.989668081823,118.544006523236,122.125413359852,125.733903430118,129.369490034034,133.032185127192,136.721999486216,140.438942850387,144.183024043365,147.954251078183,151.752631248136,155.578171205724,159.430877031438,163.310754293883,167.217808102477
52551.0204081633,5.79759496044278,8.76069196611581,11.9026895383878,15.0375849257968,18.1080990568313,21.1257113580726,24.1140053573246,27.0914464124687,30.0703115434772,33.0585325544267,36.0612937883009,39.0820662029586,42.1232365903434,45.1864893211052,48.2730418353304,51.3837933175947,54.519420903194,57.6804434473703,60.8672647616684,64.0802035494819,67.3195145353608,70.5854036438907,73.8780390812785,77.1975595461097,80.5440803960638,83.9176983375428,87.3184950332124,90.7465399067275,94.2018923448175,97.6846034420357,101.194717394918,104.732272624825,108.297302688962,111.88983702465,115.509901561322,119.157519226809,122.832710368589,126.535493106159,130.265883627318,134.023896438459,137.809544577011,141.622839792496,145.463792701507,149.332412920849,153.228709182378,157.152689432367,161.104360917812,165.083730261603,169.090803528224,173.125586281326
53571.4285714286,5.94613916243344,9.00075027698054,12.2590343776073,15.5230086286827,18.7228757870436,21.8655289676035,24.974629016249,28.0697923704267,31.1643363591151,34.2669428489984,37.3833092283024,40.517256255336,43.6714125267257,46.8476328359351,50.0472572308263,53.2712748798761,56.5204302003153,59.7952932226027,63.0963072941667,66.4238220981266,69.7781169489272,73.1594175192218,76.5679080451546,80.0037403648035,83.4670407028486,86.9579148273806,90.4764520147591,94.0227281305865,97.5968080475083,101.198747559988,104.828594913642,108.486392036422,112.172175537135,115.885977520879,119.627826259303,123.3977467449,127.195761152035,131.021889222483,134.876148589475,138.758555051387,142.669122803946,146.607864638111,150.574792109372,154.569915683192,158.593244860393,162.644788285652,166.724553841694,170.832548731328,174.968779549129,179.133252344236
54591.8367346939,6.09514818499637,9.24096692933946,12.6157851332394,16.0106373718624,19.3427488975527,22.6135660381741,25.8464489614858,29.0620998162946,32.2749058728435,35.4943419582595,38.7266543660655,41.9760402434303,45.2453890862752,48.5367397932199,51.8515649155433,55.1909508615921,58.5557147321171,61.9464818152952,65.3637381251527,68.807866758373,72.2791735355531,75.7779054039763,79.3042638590828,82.8584148783956,86.4404963744754,90.0506238567336,93.6888947823557,97.3553919356053,101.050186078476,104.773338048907,108.524900435899,112.304918927487,116.11343340353,119.9504788278,123.81608598097,127.710282066564,131.633091214797,135.584534903754,139.5646323133,143.573400623902,147.610855270087,151.67701015636,155.771877841914,159.895469699243,164.047796050874,168.228866287636,172.438688971324,176.677271924094,180.944622306549,185.240746686152
55612.2448979592,6.24464396859991,9.48136896695962,12.9728569840751,16.5002104878744,19.9673729567286,23.3694789024555,26.7291557149865,30.0680976803867,33.4017827884236,36.7405202627961,40.0911418422161,43.4582487208676,46.8450113547761,50.2536671969939,53.6858317814489,57.1426964512201,60.6251567226142,64.1338974745662,67.6694507101932,71.2322355219424,74.8225862688384,78.440772791048,82.0870151458704,85.7614945092359,89.4643613504672,93.1957416393088,96.9557416134688,100.744451479717,104.561948315589,108.408298365291,112.283558871843,116.187779550804,120.12100378453,124.083269596716,128.074610452847,132.095055921683,136.144632225088,140.223362697513,144.331268171969,148.468367305827,152.634676857072,156.830211919597,161.054986124415,165.309011812412,169.592300183228,173.904861424007,178.246704821134,182.617838857507,187.018271297493,191.448009261338
56632.6530612245,6.39464693212116,9.7219860763202,13.3301826552251,16.9914852682182,20.5964077852372,24.1329203311837,27.6224330155891,31.0875076661993,34.5447231306529,38.0052622561603,41.4765791819675,44.9637078003809,48.470120544491,51.9982686490937,55.5499217093844,59.1263841519077,62.7286359836582,66.3574262681172,70.0133365198579,73.6968245640329,77.4082554514239,81.147923629014,84.9160690949068,88.712889343961,92.5385483212031,96.3931832167774,100.27690968255,104.189825879907,108.13201565182,112.103551031557,116.104494243787,120.134899313552,124.194813369609,128.284277707585,132.403328662892,136.551998331855,140.730315170902,144.938304497149,149.175988908771,153.443388639719,157.740521860434,162.067404933881,166.424052634454,170.810478335875,175.226694173075,179.672711182173,184.148539421915,188.654188079384,193.189665562293,197.754979579812
57653.0612244898,6.54517604629115,9.96284967636533,13.6877108126191,17.4842377034191,21.2295200441128,24.9035405202656,28.5259582271189,32.1200443550661,35.7034762196778,39.2883464711511,42.882768708935,46.4922390695593,50.1205539170622,53.7703942805432,57.4436955086966,61.1418837285463,64.8660298685114,68.6169520414,72.3952850036698,76.2015282113576,80.0360796865261,83.8992602966698,87.7913314392829,91.7125081128485,95.6629687092143,99.6428624417679,103.652315045515,107.691433197994,111.760307982178,115.859017624007,119.987629675096,124.146202767014,128.334788031773,132.553430260114,136.802168852183,141.08103860263,145.39007035274,149.72929153507,154.098726630678,158.498397554832,162.928323983895,167.388523633584,171.879012496801,176.399805047734,180.950914417656,185.532352546899,190.144130316677,194.786257663804,199.458743680836,204.161596703757
58673.4693877551,6.69624891491747,10.2039921752646,14.0454044134562,17.9782629365953,21.8663847832167,25.6809881487055,29.4394028078112,33.1654153464863,36.8777846637492,40.5895454151555,44.3095074631973,48.0436595084147,51.7961447070113,55.5698906829368,59.3670108565843,63.1890621544395,67.0372132249772,70.9123563763425,74.8151835536391,78.7462389097962,82.7059558491191,86.694683577246,90.7127064326241,94.7602581689164,98.8375326502535,102.944691960652,107.081872624038,111.249190426259,115.446744190514,119.674618760666,123.932887378944,128.22161359616,132.540852817889,136.890653564767,141.27105850653,145.682105315668,150.123827376261,154.5962543758,159.099412801864,163.633326360997,168.198016333601,172.793501875949,177.419800278267,182.076927186144,186.764896791208,191.483721995916,196.233414556462,201.013985207122,205.825443768773,210.667799243891
59693.8775510204,6.84788185971594,10.4454463729042,14.4032390620033,18.4733754353036,22.506686922383,26.4649114986765,30.3624328418916,34.2233214363619,38.0673843721022,41.9086255155941,45.7565871242192,49.6177814091245,53.4967220460522,57.3966008399513,61.3197222372377,65.2677835576121,69.2420583481138,73.2435185496524,77.2729174673897,81.3308471916688,85.4177790567722,89.5340926323114,93.6800968256414,97.8560454667656,102.062148974131,106.298583196126,110.565496189657,114.863013472891,119.191242136152,123.550274088978,127.940188646951,132.361054609127,136.812931938916,141.295873133667,145.809924347992,150.355126320806,154.931515144858,159.539122909018,164.177978237155,168.848106742467,173.54953141231,178.282272935598,183.046349982509,187.841779444386,192.668576640292,197.526755495478,202.416328696127,207.337307823959,212.289703473688,217.273525355825
60714.2857142857,7.00009000576786,10.6872449884604,14.7612014111185,18.9694088953838,23.15012263851,27.2549596271838,31.2947096333531,35.2934568352206,39.2720045896621,43.245347076559,47.2237939392872,51.2144122983376,55.2221108884462,59.2503640591226,63.3016808808563,67.3779091668137,71.480434932568,75.6103154907194,79.7683699108953,83.9552416426408,88.1714426401454,92.4173849753657,96.6934038423988,100.999774541169,105.336725185323,109.704446329579,114.103098347696,118.53281714727,122.993718640383,127.485902273358,132.009453837692,136.564447726584,141.150948760033,145.769013671413,150.418692326309,155.100028728058,159.813061852162,164.557826342527,169.334353095425,174.142669751691,178.982801113525,183.85476949899,188.758595044789,193.694295965906,198.661888779086,203.661388495901,208.692808790099,213.756162143154,218.851459971247,223.978712736378
61734.693877551,7.15288736551903,10.9294202937972,15.1192876407044,19.4662158981738,23.7964006338043,28.0507835770069,32.2358903610844,36.3755094282906,40.4913679552768,44.5994642477732,48.7109086581476,52.833354862453,56.9721319376457,61.1310159040379,65.3127347026359,69.5192972572743,73.7522100245624,78.0126217391391,82.3014218808363,86.619308868267,90.9668381131502,95.3444564451241,99.752527156303,104.191348485408,108.661167443351,113.162190283263,117.694590520995,122.258515145087,126.8540894728,131.48142098262,136.140602365087,140.831713970972,145.554825790657,150.309999065794,155.097287610251,159.916738899524,164.768394974471,169.652293195151,174.568466872916,179.516945803032,184.497756715574,189.510923658829,194.556468326687,199.634410339305,204.744767484639,209.887555927046,215.062790388079,220.270484303681,225.510649961303,230.783298619869
62755.1020408163,7.30628691991147,11.17200383524,15.4775020355987,19.9636673485085,24.4452432632506,28.8520376130352,33.18562879353,37.4691610790312,41.7251905851583,45.970725007032,50.2177064745658,54.4744068763082,58.7466015744887,63.0383881271035,67.3527282418253,71.691803096273,76.0572479735771,80.4503094018839,84.8719521665968,89.3229334601871,93.803855142783,98.3152011785005,102.857364865816,107.430668929354,112.035380542938,116.671722702254,121.339882933464,126.040020033284,130.772269337478,135.536746877251,140.333552686652,145.162773455643,150.024484674362,154.918752378415,159.845634578874,164.80518244123,169.797441263109,174.822451289565,179.880248396513,184.970864666434,190.09432887563,195.250666908425,200.439902110768,205.662055593294,210.917146492077,216.205192193779,221.526208530732,226.880209950543,232.267209663987,237.687219774386
63775.5102040816,7.46030069574086,11.4150262282822,15.8358556775799,20.4616517251536,25.096387503052,29.6583804688059,34.1435760600267,38.5740879773972,42.9731821831739,47.3588711573174,51.743956975565,56.137361135736,60.5453317872246,64.9723086030589,69.4215026009571,73.895278888588,78.3954103837679,82.923248110149,87.4798373119176,92.0659979619829,96.6823815186372,101.329511583291,106.007813469892,110.717636017309,115.459267893925,120.232949936201,125.038884593437,129.877243234837,134.748171859008,139.651795596556,144.588222291637,149.557545373876,154.559846178688,159.595195835219,164.66365681269,169.765284194876,174.900126736705,180.068227745064,185.269625816935,190.504355461018,195.772447623689,201.073930136003,206.408828095197,211.777164191592,217.178958989781,222.614231171381,228.082997745321,233.585274230622,239.121074815753,244.690412498012
64795.9183673469,7.61493983870101,11.6585170118002,16.1943652594658,20.9600741777504,25.7495857460828,30.4694765870809,35.1093814748789,39.6899610337416,44.2350461795635,48.7636383397946,53.2894240991273,57.8220053944789,62.3681301036693,66.9326012634209,71.5188953853685,76.1295737218983,80.7665560651668,85.431304975901,90.124951576225,94.8483828347102,99.6023031221039,104.387278310568,109.203767843151,114.052148385588,118.932731500981,123.845777020883,128.791503276853,133.77009501336,138.78170956837,143.826481745661,148.904527689029,154.015947987776,159.160830184851,164.339250816916,169.551277084746,174.796968229508,180.076376673401,185.38954897025,190.736526601885,196.117346648634,201.53204235648,206.980643618956,212.463177388318,217.979668027796,223.530137614511,229.114606200933,234.73309204132,240.385611788499,246.072180665399,251.792812615038
65816.3265306122,7.77021468184436,11.9025045502849,16.5530520237812,21.4588555050538,26.4046064151194,31.2849973377199,36.0826934091298,40.8164463188236,45.510479899564,50.1847560639095,54.8538661011739,59.5281223059695,64.2147995258046,68.9190860320538,73.644740643134,78.3945335122169,83.1705409847153,87.9743445481652,92.8071668956572,97.6699664221203,102.563503895269,107.488390226784,112.445121210776,117.434103139865,122.455671943072,127.510107659549,132.597645510244,137.718484457546,142.872793888659,148.060718882372,153.28238439543,158.537898617064,163.827355677335,169.150837849315,174.50841735162,179.900157833108,185.326115602984,190.786340655662,196.280877529113,201.809766027339,207.373041831331,212.970737018059,218.602880503174,224.269498420193,229.970614446497,235.706250084648,241.476424905983,247.281156762248,253.120461970055,258.99435547213
66836.7346938775,7.92613480937765,12.1470159743776,16.911940824184,21.9579310484371,27.061234389527,32.1046221959657,37.0631602038893,41.9532055498968,46.7991747633029,51.6219477558071,56.4370355326635,61.2554893705134,66.0851384671553,70.931578762073,75.7988688055397,80.6900009494356,85.6072182171832,90.5522287690819,95.5263528438106,100.530624915585,105.565865809519,110.6327343856,115.731765123159,120.863395832275,126.027988352721,131.225844204068,136.45721655354,141.722319465442,147.021335120654,152.354419503904,157.721706922811,163.123313627743,168.559340733396,174.02987659356,179.534998744323,185.074775504103,190.649267298941,196.258527766327,201.902604679434,207.581540724827,213.295374159974,219.04413937162,224.827867351986,230.646586106538,236.500321004488,242.38909508118,248.312929299883,254.271842779184,260.265852991143,266.294975934483
67857.1428571429,8.08270911584541,12.3920771515922,17.2710593046423,22.4572495325969,27.7192712459582,32.9280398645803,38.0504311180244,43.0998966223148,48.1008165181672,53.0749308262767,58.0386792276712,63.0038788884345,67.978940693298,72.9698911743023,77.9811066282397,83.0158154430737,88.0764378960308,93.1648169297737,98.2823765922309,103.43023231874,108.60926883386,113.820195999435,119.063589430282,124.339920438275,129.649578395038,134.992887635867,140.370120382692,145.78150672855,151.227242428236,156.70749503346,162.222408766131,167.772108420656,173.356702512437,178.976285836266,184.630941559108,190.320742942789,196.045754770442,201.806034534251,207.60163342967,213.432597191797,219.298966802296,225.200779089587,231.138067240584,237.110861238785,243.119188240759,249.163072900881,255.24253765241,261.357602951586,267.508287490299,273.694608381932
68877.5510204082,8.23994586084372,12.6377126805072,17.6304371891467,22.9567718824168,28.3785353182293,33.754949324069,39.0441573020324,44.2561741855004,49.4150855046732,54.543416759406,59.6585383033267,64.773057919761,69.8959952658678,75.0338307975188,80.1912771332422,85.3718130683225,90.5780471642759,95.8119656260602,101.075102870675,106.368660411873,111.693590902977,117.050658410764,122.440482255855,127.863569333274,133.320338246542,138.811137546673,144.33625967211,149.895951715766,155.490423823652,161.11985580668,166.784402390838,172.484197419917,178.219357245301,183.989983479559,189.796165248202,195.637981042675,201.515500254241,207.428784450827,213.377888445531,219.362861195252,225.383746560033,231.440583947603,237.53340886279,243.662253377767,249.827146536073,256.028114701027,262.265181857235,268.538369872383,274.847698725267,281.193186705037
69897.9591836735,8.39785271946532,12.8839459029156,17.9901056733364,23.4564700413505,29.0388615857066,34.5850607964811,40.0439927890444,45.4216902615036,50.7416569566399,56.0271112230827,61.296348172502,66.5627882510577,71.8360864904541,77.1232009107328,82.4291995518823,87.7578265124883,93.1118901254316,98.493528714066,103.904393927176,109.34577871606,114.818707885023,120.324003063145,125.862329971198,131.434233269029,137.040162573765,142.680492119062,148.35553577692,154.065558657151,159.810786152629,165.591411057942,171.407599220235,177.259494061236,183.147220223434,189.070886531014,195.030588410432,201.026409881743,207.058425206508,213.126700259185,219.231293674433,225.372257811753,231.549639570416,237.763481081002,244.013820294749,250.30069148784,256.624125694608,262.984151081003,269.380793267739,275.814075610806,282.284019445762,288.790644301147
70918.3673469388,8.55643682871249,13.1307989294529,18.350096908682,23.9563258127568,29.7001014030878,35.4180966099497,41.049595493171,46.5960949037191,52.0802013362213,57.5257142024291,62.9518385701487,68.3728263700226,73.7989938687887,79.2378004877607,84.6946892689484,90.1736850219413,95.6778077945842,101.209357265768,106.770109487934,112.361454457089,117.984493549178,123.640109472011,129.329017168897,135.051801349816,140.808944511638,146.600848106805,152.427848715042,158.290230527533,164.188235079333,170.122068906533,176.091909622724,182.097910780123,188.140205787961,194.218911093504,200.334128781775,206.485948713624,212.674450294579,218.899703946469,225.161772338247,231.4607114206,237.796571299747,244.169396978767,250.579228989217,257.026103931481,263.510054938836,270.031112077449,276.589302692402,283.184651708009,289.8171818893,296.486914070418
71938.7755102041,8.71570483013252,13.3782926750863,18.7104435696325,24.4563297416035,30.362122087308,36.2537919531712,42.0606282048444,47.7790368926663,53.4303847040675,59.0389201571773,64.6247335941763,70.2029234484875,75.7844920556494,81.3774241443657,86.9875577681384,92.6192143496844,98.2756380496869,103.959299524528,109.672106717075,115.415552529176,121.19081953297,126.998855195222,132.840426636218,138.716161008383,144.62657564168,150.572100815025,156.553097149085,162.569869029951,168.622675071179,174.711736342672,180.83724289892,186.999358999972,193.198227318638,199.433972354941,205.706703225806,212.016515958694,218.363495388633,224.74771673603,231.169246925983,237.628145696958,244.124466536936,250.65825747742,257.229561769798,263.838418463833,270.484862904363,277.168927159366,283.890640390158,290.650029172648,297.447117776992,304.281928411812
72959.1836734694,8.87566290893744,13.6264469015733,19.0711784942873,24.9564800500584,31.0248063793785,37.0918955113464,43.0767595724507,48.9701644650667,54.7918691245679,60.5664182039043,66.3147517617647,72.0528253344749,77.7923508209176,83.541862088252,89.307612579031,95.0942367036629,100.905215583149,106.743200860673,112.610240176311,118.507935458515,124.437555309392,130.400115803396,136.3964393283,142.427197981676,148.492945969974,154.594144080157,160.731178368068,166.90437457893,173.114009383492,179.360319213406,185.643507268637,191.963749120035,198.321197222711,204.715984577925,211.148227724064,217.618029195086,224.125479553287,230.670659079573,237.253639186412,243.874483604923,250.533249386962,257.229987754869,263.964744825135,270.737562227212,277.548477634728,284.397525223183,291.284736065711,298.210138476433,305.173758309311,312.175619219065
73979.5918367347,9.03631682986763,13.8752802645928,19.4323343895639,25.4567816368568,31.688051800259,37.932169977632,44.0976650594101,50.1691260717942,56.1643131057857,62.1078923239315,68.0216060819777,73.9222725539722,79.8223350172436,85.730900072212,91.6546572257678,97.5985706959426,103.566371853803,109.560903727161,115.584361784534,121.638463366669,127.724568153823,133.843764850023,139.996934341137,146.18479628637,152.407943904948,158.666870249729,164.961988268969,171.293646283596,177.662140044012,184.067722208354,190.510609857754,196.990990503274,203.509026923657,210.064861089289,216.658617366326,223.290405149614,229.960321039123,236.668450649207,243.414870120621,250.199647390525,257.0228432643,263.884512324205,270.784703703043,277.723461745569,284.700826576153,291.716834587786,298.771518864817,305.864909549645,312.997034161826,320.16791787662
75000,9.19767197005198,14.1248103637455,19.7939435924242,25.9572451470756,32.3517699204218,38.7743924367794,45.1230278659611,51.3755711596477,57.5473720733217,63.6630215975627,69.7450041455254,75.8110003230971,81.8742045537881,87.9443193507381,94.0284911776517,100.132031292892,106.258935039342,112.412247615417,118.594320777385,124.806993933841,131.051723110769,137.329673841387,143.641788884349,149.988838194182,156.371456234953,162.790170161949,169.24542133809,175.73758193063,182.266967837259,188.833848845326,195.438456684944,202.080991464099,208.761626849827,215.480514269552,222.237786340784,229.033559688616,235.867937274125,242.741010329439,249.652859974494,256.603558574667,263.593170886267,270.621755027437,277.689363304608,284.7960429189,291.94183657226,299.126782989503,306.350917369524,313.614271776609,320.916875480898,328.258755255528
