x_m,y_m,gamma,Cp [(KJ/kg-K)],k [W/m-K],MW [kg/kmol],R [kJ/kg-K],T_chamber [K],P_chamber [bar],ae_at,Viscosity [Pa*s],Prandtl Number,Mach
-0.03713734,0.00580009,1.1490383461865077,5.5547325297771675,1297.6362511852046,18.121651311261076,458.81635493302065,3156.002989930541,12.618945623464885,2.882534723738439,9.827163666899844e-05,0.4206673283715191,0.21181629389218054
-0.036883339999999994,0.00580009,1.1490383461865077,5.5547325297771675,1297.6362511852046,18.121651311261076,458.81635493302065,3156.002989930541,12.618945623464885,2.882534723738439,9.827163666899844e-05,0.4206673283715191,0.21181629389218054
-0.036629339999999996,0.00580009,1.1490383461865077,5.5547325297771675,1297.6362511852046,18.121651311261076,458.81635493302065,3156.002989930541,12.618945623464885,2.882534723738439,9.827163666899844e-05,0.4206673283715191,0.21181629389218054
-0.03637533999999999,0.00580009,1.1490383461865077,5.5547325297771675,1297.6362511852046,18.121651311261076,458.81635493302065,3156.002989930541,12.618945623464885,2.882534723738439,9.827163666899844e-05,0.4206673283715191,0.21181629389218054
-0.036121339999999995,0.00580009,1.1490383461865077,5.5547325297771675,1297.6362511852046,18.121651311261076,458.81635493302065,3156.002989930541,12.618945623464885,2.882534723738439,9.827163666899844e-05,0.4206673283715191,0.21181629389218054
-0.03586734,0.00580009,1.1490383461865077,5.5547325297771675,1297.6362511852046,18.121651311261076,458.81635493302065,3156.002989930541,12.618945623464885,2.882534723738439,9.827163666899844e-05,0.4206673283715191,0.21181629389218054
-0.03561333999999999,0.00580009,1.1490383461865077,5.5547325297771675,1297.6362511852046,18.121651311261076,458.81635493302065,3156.002989930541,12.618945623464885,2.882534723738439,9.827163666899844e-05,0.4206673283715191,0.21181629389218054
-0.035359339999999996,0.00580009,1.1490383461865077,5.5547325297771675,1297.6362511852046,18.121651311261076,458.81635493302065,3156.002989930541,12.618945623464885,2.882534723738439,9.827163666899844e-05,0.4206673283715191,0.21181629389218054
-0.03510534,0.00580009,1.1490383461865077,5.5547325297771675,1297.6362511852046,18.121651311261076,458.81635493302065,3156.002989930541,12.618945623464885,2.882534723738439,9.827163666899844e-05,0.4206673283715191,0.21181629389218054
-0.034851339999999995,0.00580009,1.1490383461865077,5.5547325297771675,1297.6362511852046,18.121651311261076,458.81635493302065,3156.002989930541,12.618945623464885,2.882534723738439,9.827163666899844e-05,0.4206673283715191,0.21181629389218054
-0.03459734,0.00580009,1.1490383461865077,5.5547325297771675,1297.6362511852046,18.121651311261076,458.81635493302065,3156.002989930541,12.618945623464885,2.882534723738439,9.827163666899844e-05,0.4206673283715191,0.21181629389218054
-0.03434334,0.00580009,1.1490383461865077,5.5547325297771675,1297.6362511852046,18.121651311261076,458.81635493302065,3156.002989930541,12.618945623464885,2.882534723738439,9.827163666899844e-05,0.4206673283715191,0.21181629389218054
-0.034089339999999996,0.00580009,1.1490383461865077,5.5547325297771675,1297.6362511852046,18.121651311261076,458.81635493302065,3156.002989930541,12.618945623464885,2.882534723738439,9.827163666899844e-05,0.4206673283715191,0.21181629389218054
-0.03383534,0.00580009,1.1490383461865077,5.5547325297771675,1297.6362511852046,18.121651311261076,458.81635493302065,3156.002989930541,12.618945623464885,2.882534723738439,9.827163666899844e-05,0.4206673283715191,0.21181629389218054
-0.033581339999999994,0.00580009,1.1490383461865077,5.5547325297771675,1297.6362511852046,18.121651311261076,458.81635493302065,3156.002989930541,12.618945623464885,2.882534723738439,9.827163666899844e-05,0.4206673283715191,0.21181629389218054
-0.03332733999999999,0.00580009,1.1490383461865077,5.5547325297771675,1297.6362511852046,18.121651311261076,458.81635493302065,3156.002989930541,12.618945623464885,2.882534723738439,9.827163666899844e-05,0.4206673283715191,0.21181629389218054
-0.03307333999999999,0.00580009,1.1490383461865077,5.5547325297771675,1297.6362511852046,18.121651311261076,458.81635493302065,3156.002989930541,12.618945623464885,2.882534723738439,9.827163666899844e-05,0.4206673283715191,0.21181629389218054
-0.03281933999999999,0.00580009,1.1490383461865077,5.5547325297771675,1297.6362511852046,18.121651311261076,458.81635493302065,3156.002989930541,12.618945623464885,2.882534723738439,9.827163666899844e-05,0.4206673283715191,0.21181629389218054
-0.03256533999999999,0.00580009,1.1490383461865077,5.5547325297771675,1297.6362511852046,18.121651311261076,458.81635493302065,3156.002989930541,12.618945623464885,2.882534723738439,9.827163666899844e-05,0.4206673283715191,0.21181629389218054
-0.032311339999999994,0.00580009,1.1490383461865077,5.5547325297771675,1297.6362511852046,18.121651311261076,458.81635493302065,3156.002989930541,12.618945623464885,2.882534723738439,9.827163666899844e-05,0.4206673283715191,0.21181629389218054
-0.03205733999999999,0.00580009,1.1490383461865077,5.5547325297771675,1297.6362511852046,18.121651311261076,458.81635493302065,3156.002989930541,12.618945623464885,2.882534723738439,9.827163666899844e-05,0.4206673283715191,0.21181629389218054
-0.03180333999999999,0.00580009,1.1490383461865077,5.5547325297771675,1297.6362511852046,18.121651311261076,458.81635493302065,3156.002989930541,12.618945623464885,2.882534723738439,9.827163666899844e-05,0.4206673283715191,0.21181629389218054
-0.031549339999999995,0.00580009,1.1490383461865077,5.5547325297771675,1297.6362511852046,18.121651311261076,458.81635493302065,3156.002989930541,12.618945623464885,2.882534723738439,9.827163666899844e-05,0.4206673283715191,0.21181629389218054
-0.03129533999999999,0.00580009,1.1490383461865077,5.5547325297771675,1297.6362511852046,18.121651311261076,458.81635493302065,3156.002989930541,12.618945623464885,2.882534723738439,9.827163666899844e-05,0.4206673283715191,0.21181629389218054
-0.03104133999999999,0.00580009,1.1490383461865077,5.5547325297771675,1297.6362511852046,18.121651311261076,458.81635493302065,3156.002989930541,12.618945623464885,2.882534723738439,9.827163666899844e-05,0.4206673283715191,0.21181629389218054
-0.030787339999999993,0.00580009,1.1490383461865077,5.5547325297771675,1297.6362511852046,18.121651311261076,458.81635493302065,3156.002989930541,12.618945623464885,2.882534723738439,9.827163666899844e-05,0.4206673283715191,0.21181629389218054
-0.030533339999999992,0.00580009,1.1490383461865077,5.5547325297771675,1297.6362511852046,18.121651311261076,458.81635493302065,3156.002989930541,12.618945623464885,2.882534723738439,9.827163666899844e-05,0.4206673283715191,0.21181629389218054
-0.03027933999999999,0.00580009,1.1490383461865077,5.5547325297771675,1297.6362511852046,18.121651311261076,458.81635493302065,3156.002989930541,12.618945623464885,2.882534723738439,9.827163666899844e-05,0.4206673283715191,0.21181629389218054
-0.03002533999999999,0.00580009,1.1490383461865077,5.5547325297771675,1297.6362511852046,18.121651311261076,458.81635493302065,3156.002989930541,12.618945623464885,2.882534723738439,9.827163666899844e-05,0.4206673283715191,0.21181629389218054
-0.02977133999999999,0.00580009,1.1490383461865077,5.5547325297771675,1297.6362511852046,18.121651311261076,458.81635493302065,3156.002989930541,12.618945623464885,2.882534723738439,9.827163666899844e-05,0.4206673283715191,0.21181629389218054
-0.02951733999999999,0.00580009,1.1490383461865077,5.5547325297771675,1297.6362511852046,18.121651311261076,458.81635493302065,3156.002989930541,12.618945623464885,2.882534723738439,9.827163666899844e-05,0.4206673283715191,0.21181629389218054
-0.02926333999999999,0.00580009,1.1490383461865077,5.5547325297771675,1297.6362511852046,18.121651311261076,458.81635493302065,3156.002989930541,12.618945623464885,2.882534723738439,9.827163666899844e-05,0.4206673283715191,0.21181629389218054
-0.02900933999999999,0.00580009,1.1490383461865077,5.5547325297771675,1297.6362511852046,18.121651311261076,458.81635493302065,3156.002989930541,12.618945623464885,2.882534723738439,9.827163666899844e-05,0.4206673283715191,0.21181629389218054
-0.02875533999999999,0.00580009,1.1490383461865077,5.5547325297771675,1297.6362511852046,18.121651311261076,458.81635493302065,3156.002989930541,12.618945623464885,2.882534723738439,9.827163666899844e-05,0.4206673283715191,0.21181629389218054
-0.02850133999999999,0.00580009,1.1490383461865077,5.5547325297771675,1297.6362511852046,18.121651311261076,458.81635493302065,3156.002989930541,12.618945623464885,2.882534723738439,9.827163666899844e-05,0.4206673283715191,0.21181629389218054
-0.02824733999999999,0.00580009,1.1490383461865077,5.5547325297771675,1297.6362511852046,18.121651311261076,458.81635493302065,3156.002989930541,12.618945623464885,2.882534723738439,9.827163666899844e-05,0.4206673283715191,0.21181629389218054
-0.027993339999999988,0.00580009,1.1490383461865077,5.5547325297771675,1297.6362511852046,18.121651311261076,458.81635493302065,3156.002989930541,12.618945623464885,2.882534723738439,9.827163666899844e-05,0.4206673283715191,0.21181629389218054
-0.027739339999999987,0.00580009,1.1490383461865077,5.5547325297771675,1297.6362511852046,18.121651311261076,458.81635493302065,3156.002989930541,12.618945623464885,2.882534723738439,9.827163666899844e-05,0.4206673283715191,0.21181629389218054
-0.02748533999999999,0.00580009,1.1490383461865077,5.5547325297771675,1297.6362511852046,18.121651311261076,458.81635493302065,3156.002989930541,12.618945623464885,2.882534723738439,9.827163666899844e-05,0.4206673283715191,0.21181629389218054
-0.02723133999999999,0.00580009,1.1490383461865077,5.5547325297771675,1297.6362511852046,18.121651311261076,458.81635493302065,3156.002989930541,12.618945623464885,2.882534723738439,9.827163666899844e-05,0.4206673283715191,0.21181629389218054
-0.02697733999999999,0.00580009,1.1490383461865077,5.5547325297771675,1297.6362511852046,18.121651311261076,458.81635493302065,3156.002989930541,12.618945623464885,2.882534723738439,9.827163666899844e-05,0.4206673283715191,0.21181629389218054
-0.02672333999999999,0.00580009,1.1490383461865077,5.5547325297771675,1297.6362511852046,18.121651311261076,458.81635493302065,3156.002989930541,12.618945623464885,2.882534723738439,9.827163666899844e-05,0.4206673283715191,0.21181629389218054
-0.026469339999999987,0.00580009,1.1490383461865077,5.5547325297771675,1297.6362511852046,18.121651311261076,458.81635493302065,3156.002989930541,12.618945623464885,2.882534723738439,9.827163666899844e-05,0.4206673283715191,0.21181629389218054
-0.026215339999999986,0.00580009,1.1490383461865077,5.5547325297771675,1297.6362511852046,18.121651311261076,458.81635493302065,3156.002989930541,12.618945623464885,2.882534723738439,9.827163666899844e-05,0.4206673283715191,0.21181629389218054
-0.02596133999999999,0.00580009,1.1490383461865077,5.5547325297771675,1297.6362511852046,18.121651311261076,458.81635493302065,3156.002989930541,12.618945623464885,2.882534723738439,9.827163666899844e-05,0.4206673283715191,0.21181629389218054
-0.025707339999999988,0.00580009,1.1490383461865077,5.5547325297771675,1297.6362511852046,18.121651311261076,458.81635493302065,3156.002989930541,12.618945623464885,2.882534723738439,9.827163666899844e-05,0.4206673283715191,0.21181629389218054
-0.025453339999999988,0.00580009,1.1490383461865077,5.5547325297771675,1297.6362511852046,18.121651311261076,458.81635493302065,3156.002989930541,12.618945623464885,2.882534723738439,9.827163666899844e-05,0.4206673283715191,0.21181629389218054
-0.025199339999999987,0.00580009,1.1490383461865077,5.5547325297771675,1297.6362511852046,18.121651311261076,458.81635493302065,3156.002989930541,12.618945623464885,2.882534723738439,9.827163666899844e-05,0.4206673283715191,0.21181629389218054
-0.024945339999999986,0.00580009,1.1490383461865077,5.5547325297771675,1297.6362511852046,18.121651311261076,458.81635493302065,3156.002989930541,12.618945623464885,2.882534723738439,9.827163666899844e-05,0.4206673283715191,0.21181629389218054
-0.024691339999999985,0.00580009,1.1490383461865077,5.5547325297771675,1297.6362511852046,18.121651311261076,458.81635493302065,3156.002989930541,12.618945623464885,2.882534723738439,9.827163666899844e-05,0.4206673283715191,0.21181629389218054
-0.024437339999999984,0.00580009,1.1490383461865077,5.5547325297771675,1297.6362511852046,18.121651311261076,458.81635493302065,3156.002989930541,12.618945623464885,2.882534723738439,9.827163666899844e-05,0.4206673283715191,0.21181629389218054
-0.024183339999999987,0.00580009,1.1490383461865077,5.5547325297771675,1297.6362511852046,18.121651311261076,458.81635493302065,3156.002989930541,12.618945623464885,2.882534723738439,9.827163666899844e-05,0.4206673283715191,0.21181629389218054
-0.023929339999999986,0.00580009,1.1490383461865077,5.5547325297771675,1297.6362511852046,18.121651311261076,458.81635493302065,3156.002989930541,12.618945623464885,2.882534723738439,9.827163666899844e-05,0.4206673283715191,0.21181629389218054
-0.023675339999999986,0.00580009,1.1490383461865077,5.5547325297771675,1297.6362511852046,18.121651311261076,458.81635493302065,3156.002989930541,12.618945623464885,2.882534723738439,9.827163666899844e-05,0.4206673283715191,0.21181629389218054
-0.023421339999999985,0.00580009,1.1490383461865077,5.5547325297771675,1297.6362511852046,18.121651311261076,458.81635493302065,3156.002989930541,12.618945623464885,2.882534723738439,9.827163666899844e-05,0.4206673283715191,0.21181629389218054
-0.023167339999999984,0.00580009,1.1490383461865077,5.5547325297771675,1297.6362511852046,18.121651311261076,458.81635493302065,3156.002989930541,12.618945623464885,2.882534723738439,9.827163666899844e-05,0.4206673283715191,0.21181629389218054
-0.022913339999999983,0.00580009,1.1490383461865077,5.5547325297771675,1297.6362511852046,18.121651311261076,458.81635493302065,3156.002989930541,12.618945623464885,2.882534723738439,9.827163666899844e-05,0.4206673283715191,0.21181629389218054
-0.022659339999999986,0.00580009,1.1490383461865077,5.5547325297771675,1297.6362511852046,18.121651311261076,458.81635493302065,3156.002989930541,12.618945623464885,2.882534723738439,9.827163666899844e-05,0.4206673283715191,0.21181629389218054
-0.022405339999999985,0.00580009,1.1490383461865077,5.5547325297771675,1297.6362511852046,18.121651311261076,458.81635493302065,3156.002989930541,12.618945623464885,2.882534723738439,9.827163666899844e-05,0.4206673283715191,0.21181629389218054
-0.022151339999999985,0.00580009,1.1490383461865077,5.5547325297771675,1297.6362511852046,18.121651311261076,458.81635493302065,3156.002989930541,12.618945623464885,2.882534723738439,9.827163666899844e-05,0.4206673283715191,0.21181629389218054
-0.021897339999999984,0.00580009,1.1490383461865077,5.5547325297771675,1297.6362511852046,18.121651311261076,458.81635493302065,3156.002989930541,12.618945623464885,2.882534723738439,9.827163666899844e-05,0.4206673283715191,0.21181629389218054
-0.021643339999999983,0.00580009,1.1490383461865077,5.5547325297771675,1297.6362511852046,18.121651311261076,458.81635493302065,3156.002989930541,12.618945623464885,2.882534723738439,9.827163666899844e-05,0.4206673283715191,0.21181629389218054
-0.021389339999999982,0.00580009,1.1490383461865077,5.5547325297771675,1297.6362511852046,18.121651311261076,458.81635493302065,3156.002989930541,12.618945623464885,2.882534723738439,9.827163666899844e-05,0.4206673283715191,0.21181629389218054
-0.021135339999999985,0.00580009,1.1490383461865077,5.5547325297771675,1297.6362511852046,18.121651311261076,458.81635493302065,3156.002989930541,12.618945623464885,2.882534723738439,9.827163666899844e-05,0.4206673283715191,0.21181629389218054
-0.020881339999999984,0.00580009,1.1490383461865077,5.5547325297771675,1297.6362511852046,18.121651311261076,458.81635493302065,3156.002989930541,12.618945623464885,2.882534723738439,9.827163666899844e-05,0.4206673283715191,0.21181629389218054
-0.020627339999999984,0.00580009,1.1490383461865077,5.5547325297771675,1297.6362511852046,18.121651311261076,458.81635493302065,3156.002989930541,12.618945623464885,2.882534723738439,9.827163666899844e-05,0.4206673283715191,0.21181629389218054
-0.020373339999999983,0.00580009,1.1490383461865077,5.5547325297771675,1297.6362511852046,18.121651311261076,458.81635493302065,3156.002989930541,12.618945623464885,2.882534723738439,9.827163666899844e-05,0.4206673283715191,0.21181629389218054
-0.020119339999999982,0.00580009,1.1490383461865077,5.5547325297771675,1297.6362511852046,18.121651311261076,458.81635493302065,3156.002989930541,12.618945623464885,2.882534723738439,9.827163666899844e-05,0.4206673283715191,0.21181629389218054
-0.01986533999999998,0.00580009,1.1490383461865077,5.5547325297771675,1297.6362511852046,18.121651311261076,458.81635493302065,3156.002989930541,12.618945623464885,2.882534723738439,9.827163666899844e-05,0.4206673283715191,0.21181629389218054
-0.01961133999999998,0.00580009,1.1490383461865077,5.5547325297771675,1297.6362511852046,18.121651311261076,458.81635493302065,3156.002989930541,12.618945623464885,2.882534723738439,9.827163666899844e-05,0.4206673283715191,0.21181629389218054
-0.019357339999999983,0.00580009,1.1490383461865077,5.5547325297771675,1297.6362511852046,18.121651311261076,458.81635493302065,3156.002989930541,12.618945623464885,2.882534723738439,9.827163666899844e-05,0.4206673283715191,0.21181629389218054
-0.019103339999999983,0.00580009,1.1490383461865077,5.5547325297771675,1297.6362511852046,18.121651311261076,458.81635493302065,3156.002989930541,12.618945623464885,2.882534723738439,9.827163666899844e-05,0.4206673283715191,0.21181629389218054
-0.018849339999999982,0.00580009,1.1490383461865077,5.5547325297771675,1297.6362511852046,18.121651311261076,458.81635493302065,3156.002989930541,12.618945623464885,2.882534723738439,9.827163666899844e-05,0.4206673283715191,0.21181629389218054
-0.01859533999999998,0.00580009,1.1490383461865077,5.5547325297771675,1297.6362511852046,18.121651311261076,458.81635493302065,3156.002989930541,12.618945623464885,2.882534723738439,9.827163666899844e-05,0.4206673283715191,0.21181629389218054
-0.01834133999999998,0.00580009,1.1490383461865077,5.5547325297771675,1297.6362511852046,18.121651311261076,458.81635493302065,3156.002989930541,12.618945623464885,2.882534723738439,9.827163666899844e-05,0.4206673283715191,0.21181629389218054
-0.01808733999999998,0.00580009,1.1490383461865077,5.5547325297771675,1297.6362511852046,18.121651311261076,458.81635493302065,3156.002989930541,12.618945623464885,2.882534723738439,9.827163666899844e-05,0.4206673283715191,0.21181629389218054
-0.017833339999999982,0.00580009,1.1490383461865077,5.5547325297771675,1297.6362511852046,18.121651311261076,458.81635493302065,3156.002989930541,12.618945623464885,2.882534723738439,9.827163666899844e-05,0.4206673283715191,0.21181629389218054
-0.01757933999999998,0.00580009,1.1490383461865077,5.5547325297771675,1297.6362511852046,18.121651311261076,458.81635493302065,3156.002989930541,12.618945623464885,2.882534723738439,9.827163666899844e-05,0.4206673283715191,0.21181629389218054
-0.01732533999999998,0.00580009,1.1490383461865077,5.5547325297771675,1297.6362511852046,18.121651311261076,458.81635493302065,3156.002989930541,12.618945623464885,2.882534723738439,9.827163666899844e-05,0.4206673283715191,0.21181629389218054
-0.01707133999999998,0.00580009,1.1490383461865077,5.5547325297771675,1297.6362511852046,18.121651311261076,458.81635493302065,3156.002989930541,12.618945623464885,2.882534723738439,9.827163666899844e-05,0.4206673283715191,0.21181629389218054
-0.01681733999999998,0.00580009,1.1490383461865077,5.5547325297771675,1297.6362511852046,18.121651311261076,458.81635493302065,3156.002989930541,12.618945623464885,2.882534723738439,9.827163666899844e-05,0.4206673283715191,0.21181629389218054
-0.01656333999999998,0.00580009,1.1490383461865077,5.5547325297771675,1297.6362511852046,18.121651311261076,458.81635493302065,3156.002989930541,12.618945623464885,2.882534723738439,9.827163666899844e-05,0.4206673283715191,0.21181629389218054
-0.01630933999999998,0.00580009,1.1490383461865077,5.5547325297771675,1297.6362511852046,18.121651311261076,458.81635493302065,3156.002989930541,12.618945623464885,2.882534723738439,9.827163666899844e-05,0.4206673283715191,0.21181629389218054
-0.01605533999999998,0.00580009,1.1490383461865077,5.5547325297771675,1297.6362511852046,18.121651311261076,458.81635493302065,3156.002989930541,12.618945623464885,2.882534723738439,9.827163666899844e-05,0.4206673283715191,0.21181629389218054
-0.01580133999999998,0.00580009,1.1490383461865077,5.5547325297771675,1297.6362511852046,18.121651311261076,458.81635493302065,3156.002989930541,12.618945623464885,2.882534723738439,9.827163666899844e-05,0.4206673283715191,0.21181629389218054
-0.015547339999999979,0.00580009,1.1490383461865077,5.5547325297771675,1297.6362511852046,18.121651311261076,458.81635493302065,3156.002989930541,12.618945623464885,2.882534723738439,9.827163666899844e-05,0.4206673283715191,0.21181629389218054
-0.01529333999999998,0.00580009,1.1490383461865077,5.5547325297771675,1297.6362511852046,18.121651311261076,458.81635493302065,3156.002989930541,12.618945623464885,2.882534723738439,9.827163666899844e-05,0.4206673283715191,0.21181629389218054
-0.015039339999999977,0.00580009,1.1490383461865077,5.5547325297771675,1297.6362511852046,18.121651311261076,458.81635493302065,3156.002989930541,12.618945623464885,2.882534723738439,9.827163666899844e-05,0.4206673283715191,0.21181629389218054
-0.014785339999999978,0.00580009,1.1490383461865077,5.5547325297771675,1297.6362511852046,18.121651311261076,458.81635493302065,3156.002989930541,12.618945623464885,2.882534723738439,9.827163666899844e-05,0.4206673283715191,0.21181629389218054
-0.01453133999999998,0.00580009,1.1490383461865077,5.5547325297771675,1297.6362511852046,18.121651311261076,458.81635493302065,3156.002989930541,12.618945623464885,2.882534723738439,9.827163666899844e-05,0.4206673283715191,0.21181629389218054
-0.014277339999999977,0.00580009,1.1490383461865077,5.5547325297771675,1297.6362511852046,18.121651311261076,458.81635493302065,3156.002989930541,12.618945623464885,2.882534723738439,9.827163666899844e-05,0.4206673283715191,0.21181629389218054
-0.014023339999999978,0.00580009,1.1490383461865077,5.5547325297771675,1297.6362511852046,18.121651311261076,458.81635493302065,3156.002989930541,12.618945623464885,2.882534723738439,9.827163666899844e-05,0.4206673283715191,0.21181629389218054
-0.013769339999999977,0.00580009,1.1490383461865077,5.5547325297771675,1297.6362511852046,18.121651311261076,458.81635493302065,3156.002989930541,12.618945623464885,2.882534723738439,9.827163666899844e-05,0.4206673283715191,0.21181629389218054
-0.013515339999999976,0.00580009,1.1490383461865077,5.5547325297771675,1297.6362511852046,18.121651311261076,458.81635493302065,3156.002989930541,12.618945623464885,2.882534723738439,9.827163666899844e-05,0.4206673283715191,0.21181629389218054
-0.013261339999999977,0.00580009,1.1490383461865077,5.5547325297771675,1297.6362511852046,18.121651311261076,458.81635493302065,3156.002989930541,12.618945623464885,2.882534723738439,9.827163666899844e-05,0.4206673283715191,0.21181629389218054
-0.013007339999999977,0.00580009,1.1490383461865077,5.5547325297771675,1297.6362511852046,18.121651311261076,458.81635493302065,3156.002989930541,12.618945623464885,2.882534723738439,9.827163666899844e-05,0.4206673283715191,0.21181629389218054
-0.012753339999999976,0.00580009,1.1490383461865077,5.5547325297771675,1297.6362511852046,18.121651311261076,458.81635493302065,3156.002989930541,12.618945623464885,2.882534723738439,9.827163666899844e-05,0.4206673283715191,0.21181629389218054
-0.012499339999999977,0.00580009,1.1490383461865077,5.5547325297771675,1297.6362511852046,18.121651311261076,458.81635493302065,3156.002989930541,12.618945623464885,2.882534723738439,9.827163666899844e-05,0.4206673283715191,0.21181629389218054
-0.012245339999999976,0.00580009,1.1490383461865077,5.5547325297771675,1297.6362511852046,18.121651311261076,458.81635493302065,3156.002989930541,12.618945623464885,2.882534723738439,9.827163666899844e-05,0.4206673283715191,0.21181629389218054
-0.011991339999999975,0.00580009,1.1490383461865077,5.5547325297771675,1297.6362511852046,18.121651311261076,458.81635493302065,3156.002989930541,12.618945623464885,2.882534723738439,9.827163666899844e-05,0.4206673283715191,0.21181629389218054
-0.011737339999999975,0.00580009,1.1490383461865077,5.5547325297771675,1297.6362511852046,18.121651311261076,458.81635493302065,3156.002989930541,12.618945623464885,2.882534723738439,9.827163666899844e-05,0.4206673283715191,0.21181629389218054
-0.011483339999999976,0.00580009,1.1490383461865077,5.5547325297771675,1297.6362511852046,18.121651311261076,458.81635493302065,3156.002989930541,12.618945623464885,2.882534723738439,9.827163666899844e-05,0.4206673283715191,0.21181629389218054
-0.011229339999999975,0.00580009,1.1490383461865077,5.5547325297771675,1297.6362511852046,18.121651311261076,458.81635493302065,3156.002989930541,12.618945623464885,2.882534723738439,9.827163666899844e-05,0.4206673283715191,0.21181629389218054
-0.010975339999999974,0.00580009,1.1490383461865077,5.5547325297771675,1297.6362511852046,18.121651311261076,458.81635493302065,3156.002989930541,12.618945623464885,2.882534723738439,9.827163666899844e-05,0.4206673283715191,0.21181629389218054
-0.010721339999999975,0.00580009,1.1490383461865077,5.5547325297771675,1297.6362511852046,18.121651311261076,458.81635493302065,3156.002989930541,12.618945623464885,2.882534723738439,9.827163666899844e-05,0.4206673283715191,0.21181629389218054
-0.010467339999999976,0.00580009,1.1490383461865077,5.5547325297771675,1297.6362511852046,18.121651311261076,458.81635493302065,3156.002989930541,12.618945623464885,2.882534723738439,9.827163666899844e-05,0.4206673283715191,0.21181629389218054
-0.010213339999999974,0.00580009,1.1490383461865077,5.5547325297771675,1297.6362511852046,18.121651311261076,458.81635493302065,3156.002989930541,12.618945623464885,2.882534723738439,9.827163666899844e-05,0.4206673283715191,0.21181629389218054
-0.009959339999999975,0.00580009,1.1490383461865077,5.5547325297771675,1297.6362511852046,18.121651311261076,458.81635493302065,3156.002989930541,12.618945623464885,2.882534723738439,9.827163666899844e-05,0.4206673283715191,0.21181629389218054
-0.009705339999999976,0.00580009,1.1490383461865077,5.5547325297771675,1297.6362511852046,18.121651311261076,458.81635493302065,3156.002989930541,12.618945623464885,2.882534723738439,9.827163666899844e-05,0.4206673283715191,0.21181629389218054
-0.009451339999999973,0.00580009,1.1490383461865077,5.5547325297771675,1297.6362511852046,18.121651311261076,458.81635493302065,3156.002989930541,12.618945623464885,2.882534723738439,9.827163666899844e-05,0.4206673283715191,0.21181629389218054
-0.009197339999999974,0.00580009,1.1490383461865077,5.5547325297771675,1297.6362511852046,18.121651311261076,458.81635493302065,3156.002989930541,12.618945623464885,2.882534723738439,9.827163666899844e-05,0.4206673283715191,0.21181629389218054
-0.008943339999999973,0.00580009,1.1490383461865077,5.5547325297771675,1297.6362511852046,18.121651311261076,458.81635493302065,3156.002989930541,12.618945623464885,2.882534723738439,9.827163666899844e-05,0.4206673283715191,0.21181629389218054
-0.008689339999999973,0.00580009,1.1490383461865077,5.5547325297771675,1297.6362511852046,18.121651311261076,458.81635493302065,3156.002989930541,12.618945623464885,2.882534723738439,9.827163666899844e-05,0.4206673283715191,0.21181629389218054
-0.008435339999999973,0.00580009,1.1490383461865077,5.5547325297771675,1297.6362511852046,18.121651311261076,458.81635493302065,3156.002989930541,12.618945623464885,2.882534723738439,9.827163666899844e-05,0.4206673283715191,0.21181629389218054
-0.008181339999999973,0.00580009,1.1490383461865077,5.5547325297771675,1297.6362511852046,18.121651311261076,458.81635493302065,3156.002989930541,12.618945623464885,2.882534723738439,9.827163666899844e-05,0.4206673283715191,0.21181629389218054
-0.007927339999999972,0.00580009,1.1490383461865077,5.5547325297771675,1297.6362511852046,18.121651311261076,458.81635493302065,3156.002989930541,12.618945623464885,2.882534723738439,9.827163666899844e-05,0.4206673283715191,0.21181629389218054
-0.007673339999999972,0.00580009,1.1490383461865077,5.5547325297771675,1297.6362511852046,18.121651311261076,458.81635493302065,3156.002989930541,12.618945623464885,2.882534723738439,9.827163666899844e-05,0.4206673283715191,0.21181629389218054
-0.007419339999999971,0.00580009,1.1490383461865077,5.5547325297771675,1297.6362511852046,18.121651311261076,458.81635493302065,3156.002989930541,12.618945623464885,2.882534723738439,9.827163666899844e-05,0.4206673283715191,0.21181629389218054
-0.007165339999999972,0.00580009,1.1490383461865077,5.5547325297771675,1297.6362511852046,18.121651311261076,458.81635493302065,3156.002989930541,12.618945623464885,2.882534723738439,9.827163666899844e-05,0.4206673283715191,0.21181629389218054
-0.006911339999999972,0.00580009,1.1490383461865077,5.5547325297771675,1297.6362511852046,18.121651311261076,458.81635493302065,3156.002989930541,12.618945623464885,2.882534723738439,9.827163666899844e-05,0.4206673283715191,0.21181629389218054
-0.006657339999999971,0.00580009,1.1490383461865077,5.5547325297771675,1297.6362511852046,18.121651311261076,458.81635493302065,3156.002989930541,12.618945623464885,2.882534723738439,9.827163666899844e-05,0.4206673283715191,0.21181629389218054
-0.006403339999999972,0.00580009,1.1490383461865077,5.5547325297771675,1297.6362511852046,18.121651311261076,458.81635493302065,3156.002989930541,12.618945623464885,2.882534723738439,9.827163666899844e-05,0.4206673283715191,0.21181629389218054
-0.006149339999999971,0.00580009,1.1490383461865077,5.5547325297771675,1297.6362511852046,18.121651311261076,458.81635493302065,3156.002989930541,12.618945623464885,2.882534723738439,9.827163666899844e-05,0.4206673283715191,0.21181629389218054
-0.00589533999999997,0.00580009,1.1490383461865077,5.5547325297771675,1297.6362511852046,18.121651311261076,458.81635493302065,3156.002989930541,12.618945623464885,2.882534723738439,9.827163666899844e-05,0.4206673283715191,0.21181629389218054
-0.00564133999999997,0.00580009,1.1490383461865077,5.5547325297771675,1297.6362511852046,18.121651311261076,458.81635493302065,3156.002989930541,12.618945623464885,2.882534723738439,9.827163666899844e-05,0.4206673283715191,0.21181629389218054
-0.0053873399999999705,0.00580009,1.1490383461865077,5.5547325297771675,1297.6362511852046,18.121651311261076,458.81635493302065,3156.002989930541,12.618945623464885,2.882534723738439,9.827163666899844e-05,0.4206673283715191,0.21181629389218054
-0.005133339999999971,0.00580009,1.1490383461865077,5.5547325297771675,1297.6362511852046,18.121651311261076,458.81635493302065,3156.002989930541,12.618945623464885,2.882534723738439,9.827163666899844e-05,0.4206673283715191,0.21181629389218054
-0.00487933999999997,0.00580009,1.1490383461865077,5.5547325297771675,1297.6362511852046,18.121651311261076,458.81635493302065,3156.002989930541,12.618945623464885,2.882534723738439,9.827163666899844e-05,0.4206673283715191,0.21181629389218054
-0.004625339999999969,0.00580009,1.1490383461865077,5.5547325297771675,1297.6362511852046,18.121651311261076,458.81635493302065,3156.002989930541,12.618945623464885,2.882534723738439,9.827163666899844e-05,0.4206673283715191,0.21181629389218054
-0.00437133999999997,0.00580009,1.1490383461865077,5.5547325297771675,1297.6362511852046,18.121651311261076,458.81635493302065,3156.002989930541,12.618945623464885,2.882534723738439,9.827163666899844e-05,0.4206673283715191,0.21181629389218054
-0.004117339999999969,0.00580009,1.1490383461865077,5.5547325297771675,1297.6362511852046,18.121651311261076,458.81635493302065,3156.002989930541,12.618945623464885,2.882534723738439,9.827163666899844e-05,0.4206673283715191,0.21181629389218054
-0.003863339999999969,0.00580009,1.1490383461865077,5.5547325297771675,1297.6362511852046,18.121651311261076,458.81635493302065,3156.002989930541,12.618945623464885,2.882534723738439,9.827163666899844e-05,0.4206673283715191,0.21181629389218054
-0.0036093399999999687,0.00580009,1.1490383461865077,5.5547325297771675,1297.6362511852046,18.121651311261076,458.81635493302065,3156.002989930541,12.618945623464885,2.882534723738439,9.827163666899844e-05,0.4206673283715191,0.21181629389218054
-0.0033553399999999684,0.00580009,1.1490383461865077,5.5547325297771675,1297.6362511852046,18.121651311261076,458.81635493302065,3156.002989930541,12.618945623464885,2.882534723738439,9.827163666899844e-05,0.4206673283715191,0.21181629389218054
-0.0031013399999999685,0.00580009,1.1490383461865077,5.5547325297771675,1297.6362511852046,18.121651311261076,458.81635493302065,3156.002989930541,12.618945623464885,2.882534723738439,9.827163666899844e-05,0.4206673283715191,0.21181629389218054
-0.0028473399999999686,0.00580009,1.1490383461865077,5.5547325297771675,1297.6362511852046,18.121651311261076,458.81635493302065,3156.002989930541,12.618945623464885,2.882534723738439,9.827163666899844e-05,0.4206673283715191,0.21181629389218054
-0.002593339999999968,0.00580009,1.1490383461865077,5.5547325297771675,1297.6362511852046,18.121651311261076,458.81635493302065,3156.002989930541,12.618945623464885,2.882534723738439,9.827163666899844e-05,0.4206673283715191,0.21181629389218054
-0.002339339999999968,0.00580009,1.1490383461865077,5.5547325297771675,1297.6362511852046,18.121651311261076,458.81635493302065,3156.002989930541,12.618945623464885,2.882534723738439,9.827163666899844e-05,0.4206673283715191,0.21181629389218054
-0.0020853399999999677,0.00580009,1.1490383461865077,5.5547325297771675,1297.6362511852046,18.121651311261076,458.81635493302065,3156.002989930541,12.618945623464885,2.882534723738439,9.827163666899844e-05,0.4206673283715191,0.21181629389218054
-0.0018313399999999674,0.00580009,1.1490383461865077,5.5547325297771675,1297.6362511852046,18.121651311261076,458.81635493302065,3156.002989930541,12.618945623464885,2.882534723738439,9.827163666899844e-05,0.4206673283715191,0.21181629389218054
-0.001577339999999967,0.00580009,1.1490383461865077,5.5547325297771675,1297.6362511852046,18.121651311261076,458.81635493302065,3156.002989930541,12.618945623464885,2.882534723738439,9.827163666899844e-05,0.4206673283715191,0.21181629389218054
-0.001323339999999967,0.00580009,1.1490383461865077,5.5547325297771675,1297.6362511852046,18.121651311261076,458.81635493302065,3156.002989930541,12.618945623464885,2.882534723738439,9.827163666899844e-05,0.4206673283715191,0.21181629389218054
-0.0010693399999999668,0.00580009,1.1490383461865077,5.5547325297771675,1297.6362511852046,18.121651311261076,458.81635493302065,3156.002989930541,12.618945623464885,2.882534723738439,9.827163666899844e-05,0.4206673283715191,0.21181629389218054
-0.0008153399999999665,0.00580009,1.1490383461865077,5.5547325297771675,1297.6362511852046,18.121651311261076,458.81635493302065,3156.002989930541,12.618945623464885,2.882534723738439,9.827163666899844e-05,0.4206673283715191,0.21181629389218054
-0.0005613399999999663,0.00580009,1.1490383461865077,5.5547325297771675,1297.6362511852046,18.121651311261076,458.81635493302065,3156.002989930541,12.618945623464885,2.882534723738439,9.827163666899844e-05,0.4206673283715191,0.21181629389218054
-0.00030733999999996614,0.00580009,1.1490383461865077,5.5547325297771675,1297.6362511852046,18.121651311261076,458.81635493302065,3156.002989930541,12.618945623464885,2.882534723738439,9.827163666899844e-05,0.4206673283715191,0.21181629389218054
-5.333999999996592e-05,0.00580009,1.1490383461865077,5.5547325297771675,1297.6362511852046,18.121651311261076,458.81635493302065,3156.002989930541,12.618945623464885,2.882534723738439,9.827163666899844e-05,0.4206673283715191,0.21181629389218054
0.000254,0.0034163,1.1539931942980708,4.842949223209296,1078.1799865648563,18.29653118590587,454.4309473483591,2971.9980195647977,7.4250014802604785,1.0,9.415867831941559e-05,0.42293670293050534,0.9999910981306609
0.000508,0.0034163,1.1539931942980708,4.842949223209296,1078.1799865648563,18.29653118590587,454.4309473483591,2971.9980195647977,7.4250014802604785,1.0,9.415867831941559e-05,0.42293670293050534,0.9999910981306609
0.0007619999999999999,0.0034163,1.1539931942980708,4.842949223209296,1078.1799865648563,18.29653118590587,454.4309473483591,2971.9980195647977,7.4250014802604785,1.0,9.415867831941559e-05,0.42293670293050534,0.9999910981306609
0.001016,0.0034163,1.1539931942980708,4.842949223209296,1078.1799865648563,18.29653118590587,454.4309473483591,2971.9980195647977,7.4250014802604785,1.0,9.415867831941559e-05,0.42293670293050534,0.9999910981306609
0.00127,0.0034163,1.1539931942980708,4.842949223209296,1078.1799865648563,18.29653118590587,454.4309473483591,2971.9980195647977,7.4250014802604785,1.0,9.415867831941559e-05,0.42293670293050534,0.9999910981306609
0.0015239999999999997,0.0034163,1.1539931942980708,4.842949223209296,1078.1799865648563,18.29653118590587,454.4309473483591,2971.9980195647977,7.4250014802604785,1.0,9.415867831941559e-05,0.42293670293050534,0.9999910981306609
0.001778,0.0034163,1.1539931942980708,4.842949223209296,1078.1799865648563,18.29653118590587,454.4309473483591,2971.9980195647977,7.4250014802604785,1.0,9.415867831941559e-05,0.42293670293050534,0.9999910981306609
0.002032,0.0034163,1.1539931942980708,4.842949223209296,1078.1799865648563,18.29653118590587,454.4309473483591,2971.9980195647977,7.4250014802604785,1.0,9.415867831941559e-05,0.42293670293050534,0.9999910981306609
0.0022859999999999994,0.0034163,1.1539931942980708,4.842949223209296,1078.1799865648563,18.29653118590587,454.4309473483591,2971.9980195647977,7.4250014802604785,1.0,9.415867831941559e-05,0.42293670293050534,0.9999910981306609
0.00254,0.0034163,1.1539931942980708,4.842949223209296,1078.1799865648563,18.29653118590587,454.4309473483591,2971.9980195647977,7.4250014802604785,1.0,9.415867831941559e-05,0.42293670293050534,0.9999910981306609
0.002794,0.0034163,1.1539931942980708,4.842949223209296,1078.1799865648563,18.29653118590587,454.4309473483591,2971.9980195647977,7.4250014802604785,1.0,9.415867831941559e-05,0.42293670293050534,0.9999910981306609
0.0030479999999999995,0.0034163,1.1539931942980708,4.842949223209296,1078.1799865648563,18.29653118590587,454.4309473483591,2971.9980195647977,7.4250014802604785,1.0,9.415867831941559e-05,0.42293670293050534,0.9999910981306609
0.0033020000000000002,0.0034163,1.1539931942980708,4.842949223209296,1078.1799865648563,18.29653118590587,454.4309473483591,2971.9980195647977,7.4250014802604785,1.0,9.415867831941559e-05,0.42293670293050534,0.9999910981306609
0.003556,0.0034163,1.1539931942980708,4.842949223209296,1078.1799865648563,18.29653118590587,454.4309473483591,2971.9980195647977,7.4250014802604785,1.0,9.415867831941559e-05,0.42293670293050534,0.9999910981306609
0.0038099999999999996,0.0034163,1.1539931942980708,4.842949223209296,1078.1799865648563,18.29653118590587,454.4309473483591,2971.9980195647977,7.4250014802604785,1.0,9.415867831941559e-05,0.42293670293050534,0.9999910981306609
0.004064,0.0034163,1.1539931942980708,4.842949223209296,1078.1799865648563,18.29653118590587,454.4309473483591,2971.9980195647977,7.4250014802604785,1.0,9.415867831941559e-05,0.42293670293050534,0.9999910981306609
0.004318000000000001,0.0034163,1.1539931942980708,4.842949223209296,1078.1799865648563,18.29653118590587,454.4309473483591,2971.9980195647977,7.4250014802604785,1.0,9.415867831941559e-05,0.42293670293050534,0.9999910981306609
0.004571999999999999,0.0034163,1.1539931942980708,4.842949223209296,1078.1799865648563,18.29653118590587,454.4309473483591,2971.9980195647977,7.4250014802604785,1.0,9.415867831941559e-05,0.42293670293050534,0.9999910981306609
0.0048259999999999996,0.0034163,1.1539931942980708,4.842949223209296,1078.1799865648563,18.29653118590587,454.4309473483591,2971.9980195647977,7.4250014802604785,1.0,9.415867831941559e-05,0.42293670293050534,0.9999910981306609
0.00508,0.0034163,1.1539931942980708,4.842949223209296,1078.1799865648563,18.29653118590587,454.4309473483591,2971.9980195647977,7.4250014802604785,1.0,9.415867831941559e-05,0.42293670293050534,0.9999910981306609
0.005333999999999999,0.0034163,1.1539931942980708,4.842949223209296,1078.1799865648563,18.29653118590587,454.4309473483591,2971.9980195647977,7.4250014802604785,1.0,9.415867831941559e-05,0.42293670293050534,0.9999910981306609
0.005588,0.0034163,1.1539931942980708,4.842949223209296,1078.1799865648563,18.29653118590587,454.4309473483591,2971.9980195647977,7.4250014802604785,1.0,9.415867831941559e-05,0.42293670293050534,0.9999910981306609
0.005842,0.0034163,1.1539931942980708,4.842949223209296,1078.1799865648563,18.29653118590587,454.4309473483591,2971.9980195647977,7.4250014802604785,1.0,9.415867831941559e-05,0.42293670293050534,0.9999910981306609
0.006095999999999999,0.0034163,1.1539931942980708,4.842949223209296,1078.1799865648563,18.29653118590587,454.4309473483591,2971.9980195647977,7.4250014802604785,1.0,9.415867831941559e-05,0.42293670293050534,0.9999910981306609
0.00635,0.0034163,1.1539931942980708,4.842949223209296,1078.1799865648563,18.29653118590587,454.4309473483591,2971.9980195647977,7.4250014802604785,1.0,9.415867831941559e-05,0.42293670293050534,0.9999910981306609
0.0066040000000000005,0.0034163,1.1539931942980708,4.842949223209296,1078.1799865648563,18.29653118590587,454.4309473483591,2971.9980195647977,7.4250014802604785,1.0,9.415867831941559e-05,0.42293670293050534,0.9999910981306609
0.0068579999999999995,0.0034163,1.1539931942980708,4.842949223209296,1078.1799865648563,18.29653118590587,454.4309473483591,2971.9980195647977,7.4250014802604785,1.0,9.415867831941559e-05,0.42293670293050534,0.9999910981306609
0.007112,0.0034163,1.1539931942980708,4.842949223209296,1078.1799865648563,18.29653118590587,454.4309473483591,2971.9980195647977,7.4250014802604785,1.0,9.415867831941559e-05,0.42293670293050534,0.9999910981306609
0.007365999999999998,0.0034163,1.1539931942980708,4.842949223209296,1078.1799865648563,18.29653118590587,454.4309473483591,2971.9980195647977,7.4250014802604785,1.0,9.415867831941559e-05,0.42293670293050534,0.9999910981306609
0.007619999999999999,0.0034163,1.1539931942980708,4.842949223209296,1078.1799865648563,18.29653118590587,454.4309473483591,2971.9980195647977,7.4250014802604785,1.0,9.415867831941559e-05,0.42293670293050534,0.9999910981306609
0.007873999999999999,0.0034163,1.1539931942980708,4.842949223209296,1078.1799865648563,18.29653118590587,454.4309473483591,2971.9980195647977,7.4250014802604785,1.0,9.415867831941559e-05,0.42293670293050534,0.9999910981306609
0.008128,0.0034163,1.1539931942980708,4.842949223209296,1078.1799865648563,18.29653118590587,454.4309473483591,2971.9980195647977,7.4250014802604785,1.0,9.415867831941559e-05,0.42293670293050534,0.9999910981306609
0.008381999999999999,0.0034163,1.1539931942980708,4.842949223209296,1078.1799865648563,18.29653118590587,454.4309473483591,2971.9980195647977,7.4250014802604785,1.0,9.415867831941559e-05,0.42293670293050534,0.9999910981306609
0.008636000000000001,0.0034163,1.1539931942980708,4.842949223209296,1078.1799865648563,18.29653118590587,454.4309473483591,2971.9980195647977,7.4250014802604785,1.0,9.415867831941559e-05,0.42293670293050534,0.9999910981306609
0.00889,0.0034163,1.1539931942980708,4.842949223209296,1078.1799865648563,18.29653118590587,454.4309473483591,2971.9980195647977,7.4250014802604785,1.0,9.415867831941559e-05,0.42293670293050534,0.9999910981306609
0.009143999999999998,0.0034163,1.1539931942980708,4.842949223209296,1078.1799865648563,18.29653118590587,454.4309473483591,2971.9980195647977,7.4250014802604785,1.0,9.415867831941559e-05,0.42293670293050534,0.9999910981306609
0.009398,0.0034163,1.1539931942980708,4.842949223209296,1078.1799865648563,18.29653118590587,454.4309473483591,2971.9980195647977,7.4250014802604785,1.0,9.415867831941559e-05,0.42293670293050534,0.9999910981306609
0.009651999999999999,0.0034163,1.1539931942980708,4.842949223209296,1078.1799865648563,18.29653118590587,454.4309473483591,2971.9980195647977,7.4250014802604785,1.0,9.415867831941559e-05,0.42293670293050534,0.9999910981306609
0.009906,0.0034163,1.1539931942980708,4.842949223209296,1078.1799865648563,18.29653118590587,454.4309473483591,2971.9980195647977,7.4250014802604785,1.0,9.415867831941559e-05,0.42293670293050534,0.9999910981306609
0.01016,0.0034163,1.1539931942980708,4.842949223209296,1078.1799865648563,18.29653118590587,454.4309473483591,2971.9980195647977,7.4250014802604785,1.0,9.415867831941559e-05,0.42293670293050534,0.9999910981306609
0.010414,0.0034163,1.1539931942980708,4.842949223209296,1078.1799865648563,18.29653118590587,454.4309473483591,2971.9980195647977,7.4250014802604785,1.0,9.415867831941559e-05,0.42293670293050534,0.9999910981306609
0.010667999999999999,0.0034163,1.1539931942980708,4.842949223209296,1078.1799865648563,18.29653118590587,454.4309473483591,2971.9980195647977,7.4250014802604785,1.0,9.415867831941559e-05,0.42293670293050534,0.9999910981306609
0.010922,0.0034163,1.1539931942980708,4.842949223209296,1078.1799865648563,18.29653118590587,454.4309473483591,2971.9980195647977,7.4250014802604785,1.0,9.415867831941559e-05,0.42293670293050534,0.9999910981306609
0.011176,0.0034163,1.1539931942980708,4.842949223209296,1078.1799865648563,18.29653118590587,454.4309473483591,2971.9980195647977,7.4250014802604785,1.0,9.415867831941559e-05,0.42293670293050534,0.9999910981306609
0.01143,0.0034163,1.1539931942980708,4.842949223209296,1078.1799865648563,18.29653118590587,454.4309473483591,2971.9980195647977,7.4250014802604785,1.0,9.415867831941559e-05,0.42293670293050534,0.9999910981306609
0.011684,0.0034163,1.1539931942980708,4.842949223209296,1078.1799865648563,18.29653118590587,454.4309473483591,2971.9980195647977,7.4250014802604785,1.0,9.415867831941559e-05,0.42293670293050534,0.9999910981306609
0.011938,0.0034163,1.1539931942980708,4.842949223209296,1078.1799865648563,18.29653118590587,454.4309473483591,2971.9980195647977,7.4250014802604785,1.0,9.415867831941559e-05,0.42293670293050534,0.9999910981306609
0.012191999999999998,0.0034163,1.1539931942980708,4.842949223209296,1078.1799865648563,18.29653118590587,454.4309473483591,2971.9980195647977,7.4250014802604785,1.0,9.415867831941559e-05,0.42293670293050534,0.9999910981306609
0.012446,0.0034163,1.1539931942980708,4.842949223209296,1078.1799865648563,18.29653118590587,454.4309473483591,2971.9980195647977,7.4250014802604785,1.0,9.415867831941559e-05,0.42293670293050534,0.9999910981306609
0.0127,0.0034163,1.1539931942980708,4.842949223209296,1078.1799865648563,18.29653118590587,454.4309473483591,2971.9980195647977,7.4250014802604785,1.0,9.415867831941559e-05,0.42293670293050534,0.9999910981306609
0.012953999999999999,0.0034163,1.1539931942980708,4.842949223209296,1078.1799865648563,18.29653118590587,454.4309473483591,2971.9980195647977,7.4250014802604785,1.0,9.415867831941559e-05,0.42293670293050534,0.9999910981306609
0.013208000000000001,0.0034163,1.1539931942980708,4.842949223209296,1078.1799865648563,18.29653118590587,454.4309473483591,2971.9980195647977,7.4250014802604785,1.0,9.415867831941559e-05,0.42293670293050534,0.9999910981306609
0.013462,0.0034163,1.1539931942980708,4.842949223209296,1078.1799865648563,18.29653118590587,454.4309473483591,2971.9980195647977,7.4250014802604785,1.0,9.415867831941559e-05,0.42293670293050534,0.9999910981306609
0.013715999999999999,0.0034163,1.1539931942980708,4.842949223209296,1078.1799865648563,18.29653118590587,454.4309473483591,2971.9980195647977,7.4250014802604785,1.0,9.415867831941559e-05,0.42293670293050534,0.9999910981306609
0.01397,0.0034163,1.1539931942980708,4.842949223209296,1078.1799865648563,18.29653118590587,454.4309473483591,2971.9980195647977,7.4250014802604785,1.0,9.415867831941559e-05,0.42293670293050534,0.9999910981306609
0.014224,0.0034163,1.1539931942980708,4.842949223209296,1078.1799865648563,18.29653118590587,454.4309473483591,2971.9980195647977,7.4250014802604785,1.0,9.415867831941559e-05,0.42293670293050534,0.9999910981306609
0.014478000000000001,0.0034163,1.1539931942980708,4.842949223209296,1078.1799865648563,18.29653118590587,454.4309473483591,2971.9980195647977,7.4250014802604785,1.0,9.415867831941559e-05,0.42293670293050534,0.9999910981306609
0.014731999999999997,0.0034163,1.1539931942980708,4.842949223209296,1078.1799865648563,18.29653118590587,454.4309473483591,2971.9980195647977,7.4250014802604785,1.0,9.415867831941559e-05,0.42293670293050534,0.9999910981306609
0.014986,0.0034163,1.1539931942980708,4.842949223209296,1078.1799865648563,18.29653118590587,454.4309473483591,2971.9980195647977,7.4250014802604785,1.0,9.415867831941559e-05,0.42293670293050534,0.9999910981306609
0.015239999999999998,0.0034163,1.1539931942980708,4.842949223209296,1078.1799865648563,18.29653118590587,454.4309473483591,2971.9980195647977,7.4250014802604785,1.0,9.415867831941559e-05,0.42293670293050534,0.9999910981306609
0.015493999999999997,0.0034163,1.1539931942980708,4.842949223209296,1078.1799865648563,18.29653118590587,454.4309473483591,2971.9980195647977,7.4250014802604785,1.0,9.415867831941559e-05,0.42293670293050534,0.9999910981306609
0.015747999999999998,0.0034163,1.1539931942980708,4.842949223209296,1078.1799865648563,18.29653118590587,454.4309473483591,2971.9980195647977,7.4250014802604785,1.0,9.415867831941559e-05,0.42293670293050534,0.9999910981306609
0.016002,0.0034163,1.1539931942980708,4.842949223209296,1078.1799865648563,18.29653118590587,454.4309473483591,2971.9980195647977,7.4250014802604785,1.0,9.415867831941559e-05,0.42293670293050534,0.9999910981306609
0.016256,0.0034163,1.1539931942980708,4.842949223209296,1078.1799865648563,18.29653118590587,454.4309473483591,2971.9980195647977,7.4250014802604785,1.0,9.415867831941559e-05,0.42293670293050534,0.9999910981306609
0.016509999999999997,0.0034163,1.1539931942980708,4.842949223209296,1078.1799865648563,18.29653118590587,454.4309473483591,2971.9980195647977,7.4250014802604785,1.0,9.415867831941559e-05,0.42293670293050534,0.9999910981306609
0.016763999999999998,0.0034163,1.1539931942980708,4.842949223209296,1078.1799865648563,18.29653118590587,454.4309473483591,2971.9980195647977,7.4250014802604785,1.0,9.415867831941559e-05,0.42293670293050534,0.9999910981306609
0.017018000000000002,0.0034163,1.1539931942980708,4.842949223209296,1078.1799865648563,18.29653118590587,454.4309473483591,2971.9980195647977,7.4250014802604785,1.0,9.415867831941559e-05,0.42293670293050534,0.9999910981306609
0.017272000000000003,0.0034163,1.1539931942980708,4.842949223209296,1078.1799865648563,18.29653118590587,454.4309473483591,2971.9980195647977,7.4250014802604785,1.0,9.415867831941559e-05,0.42293670293050534,0.9999910981306609
0.017526,0.0034163,1.1539931942980708,4.842949223209296,1078.1799865648563,18.29653118590587,454.4309473483591,2971.9980195647977,7.4250014802604785,1.0,9.415867831941559e-05,0.42293670293050534,0.9999910981306609
0.01778,0.0034163,1.1539931942980708,4.842949223209296,1078.1799865648563,18.29653118590587,454.4309473483591,2971.9980195647977,7.4250014802604785,1.0,9.415867831941559e-05,0.42293670293050534,0.9999910981306609
0.018033999999999998,0.0034163,1.1539931942980708,4.842949223209296,1078.1799865648563,18.29653118590587,454.4309473483591,2971.9980195647977,7.4250014802604785,1.0,9.415867831941559e-05,0.42293670293050534,0.9999910981306609
0.018287999999999995,0.0034163,1.1539931942980708,4.842949223209296,1078.1799865648563,18.29653118590587,454.4309473483591,2971.9980195647977,7.4250014802604785,1.0,9.415867831941559e-05,0.42293670293050534,0.9999910981306609
0.018542,0.0034163,1.1539931942980708,4.842949223209296,1078.1799865648563,18.29653118590587,454.4309473483591,2971.9980195647977,7.4250014802604785,1.0,9.415867831941559e-05,0.42293670293050534,0.9999910981306609
0.018796,0.0034163,1.1539931942980708,4.842949223209296,1078.1799865648563,18.29653118590587,454.4309473483591,2971.9980195647977,7.4250014802604785,1.0,9.415867831941559e-05,0.42293670293050534,0.9999910981306609
0.019049999999999997,0.0034163,1.1539931942980708,4.842949223209296,1078.1799865648563,18.29653118590587,454.4309473483591,2971.9980195647977,7.4250014802604785,1.0,9.415867831941559e-05,0.42293670293050534,0.9999910981306609
0.019303999999999998,0.0034163,1.1539931942980708,4.842949223209296,1078.1799865648563,18.29653118590587,454.4309473483591,2971.9980195647977,7.4250014802604785,1.0,9.415867831941559e-05,0.42293670293050534,0.9999910981306609
0.019558,0.0034163,1.1539931942980708,4.842949223209296,1078.1799865648563,18.29653118590587,454.4309473483591,2971.9980195647977,7.4250014802604785,1.0,9.415867831941559e-05,0.42293670293050534,0.9999910981306609
0.019812,0.0034163,1.1539931942980708,4.842949223209296,1078.1799865648563,18.29653118590587,454.4309473483591,2971.9980195647977,7.4250014802604785,1.0,9.415867831941559e-05,0.42293670293050534,0.9999910981306609
0.020066,0.0034163,1.1539931942980708,4.842949223209296,1078.1799865648563,18.29653118590587,454.4309473483591,2971.9980195647977,7.4250014802604785,1.0,9.415867831941559e-05,0.42293670293050534,0.9999910981306609
0.02032,0.0034163,1.1539931942980708,4.842949223209296,1078.1799865648563,18.29653118590587,454.4309473483591,2971.9980195647977,7.4250014802604785,1.0,9.415867831941559e-05,0.42293670293050534,0.9999910981306609
0.020574000000000002,0.0034163,1.1539931942980708,4.842949223209296,1078.1799865648563,18.29653118590587,454.4309473483591,2971.9980195647977,7.4250014802604785,1.0,9.415867831941559e-05,0.42293670293050534,0.9999910981306609
0.020828,0.0034163,1.1539931942980708,4.842949223209296,1078.1799865648563,18.29653118590587,454.4309473483591,2971.9980195647977,7.4250014802604785,1.0,9.415867831941559e-05,0.42293670293050534,0.9999910981306609
0.021082,0.0034163,1.1539931942980708,4.842949223209296,1078.1799865648563,18.29653118590587,454.4309473483591,2971.9980195647977,7.4250014802604785,1.0,9.415867831941559e-05,0.42293670293050534,0.9999910981306609
0.021335999999999997,0.0034163,1.1539931942980708,4.842949223209296,1078.1799865648563,18.29653118590587,454.4309473483591,2971.9980195647977,7.4250014802604785,1.0,9.415867831941559e-05,0.42293670293050534,0.9999910981306609
0.02159,0.0034163,1.1539931942980708,4.842949223209296,1078.1799865648563,18.29653118590587,454.4309473483591,2971.9980195647977,7.4250014802604785,1.0,9.415867831941559e-05,0.42293670293050534,0.9999910981306609
0.021844,0.0034163,1.1539931942980708,4.842949223209296,1078.1799865648563,18.29653118590587,454.4309473483591,2971.9980195647977,7.4250014802604785,1.0,9.415867831941559e-05,0.42293670293050534,0.9999910981306609
0.022098,0.0034163,1.1539931942980708,4.842949223209296,1078.1799865648563,18.29653118590587,454.4309473483591,2971.9980195647977,7.4250014802604785,1.0,9.415867831941559e-05,0.42293670293050534,0.9999910981306609
0.022352,0.0034163,1.1539931942980708,4.842949223209296,1078.1799865648563,18.29653118590587,454.4309473483591,2971.9980195647977,7.4250014802604785,1.0,9.415867831941559e-05,0.42293670293050534,0.9999910981306609
0.022605999999999998,0.0034163,1.1539931942980708,4.842949223209296,1078.1799865648563,18.29653118590587,454.4309473483591,2971.9980195647977,7.4250014802604785,1.0,9.415867831941559e-05,0.42293670293050534,0.9999910981306609
0.02286,0.0034163,1.1539931942980708,4.842949223209296,1078.1799865648563,18.29653118590587,454.4309473483591,2971.9980195647977,7.4250014802604785,1.0,9.415867831941559e-05,0.42293670293050534,0.9999910981306609
0.023114,0.0034163,1.1539931942980708,4.842949223209296,1078.1799865648563,18.29653118590587,454.4309473483591,2971.9980195647977,7.4250014802604785,1.0,9.415867831941559e-05,0.42293670293050534,0.9999910981306609
0.023368,0.0034163,1.1539931942980708,4.842949223209296,1078.1799865648563,18.29653118590587,454.4309473483591,2971.9980195647977,7.4250014802604785,1.0,9.415867831941559e-05,0.42293670293050534,0.9999910981306609
0.023622,0.0034163,1.1539931942980708,4.842949223209296,1078.1799865648563,18.29653118590587,454.4309473483591,2971.9980195647977,7.4250014802604785,1.0,9.415867831941559e-05,0.42293670293050534,0.9999910981306609
0.023876,0.0034163,1.1539931942980708,4.842949223209296,1078.1799865648563,18.29653118590587,454.4309473483591,2971.9980195647977,7.4250014802604785,1.0,9.415867831941559e-05,0.42293670293050534,0.9999910981306609
0.02413,0.0034163,1.1539931942980708,4.842949223209296,1078.1799865648563,18.29653118590587,454.4309473483591,2971.9980195647977,7.4250014802604785,1.0,9.415867831941559e-05,0.42293670293050534,0.9999910981306609
0.024383999999999996,0.0034163,1.1539931942980708,4.842949223209296,1078.1799865648563,18.29653118590587,454.4309473483591,2971.9980195647977,7.4250014802604785,1.0,9.415867831941559e-05,0.42293670293050534,0.9999910981306609
0.024637999999999997,0.0034163,1.1539931942980708,4.842949223209296,1078.1799865648563,18.29653118590587,454.4309473483591,2971.9980195647977,7.4250014802604785,1.0,9.415867831941559e-05,0.42293670293050534,0.9999910981306609
0.024892,0.0034163,1.1539931942980708,4.842949223209296,1078.1799865648563,18.29653118590587,454.4309473483591,2971.9980195647977,7.4250014802604785,1.0,9.415867831941559e-05,0.42293670293050534,0.9999910981306609
0.025145999999999998,0.0034163,1.1539931942980708,4.842949223209296,1078.1799865648563,18.29653118590587,454.4309473483591,2971.9980195647977,7.4250014802604785,1.0,9.415867831941559e-05,0.42293670293050534,0.9999910981306609
0.0254,0.0034163,1.1539931942980708,4.842949223209296,1078.1799865648563,18.29653118590587,454.4309473483591,2971.9980195647977,7.4250014802604785,1.0,9.415867831941559e-05,0.42293670293050534,0.9999910981306609
0.025654,0.0034163,1.1539931942980708,4.842949223209296,1078.1799865648563,18.29653118590587,454.4309473483591,2971.9980195647977,7.4250014802604785,1.0,9.415867831941559e-05,0.42293670293050534,0.9999910981306609
0.025907999999999997,0.0034163,1.1539931942980708,4.842949223209296,1078.1799865648563,18.29653118590587,454.4309473483591,2971.9980195647977,7.4250014802604785,1.0,9.415867831941559e-05,0.42293670293050534,0.9999910981306609
0.026161999999999998,0.0034163,1.1539931942980708,4.842949223209296,1078.1799865648563,18.29653118590587,454.4309473483591,2971.9980195647977,7.4250014802604785,1.0,9.415867831941559e-05,0.42293670293050534,0.9999910981306609
0.026416000000000002,0.0034163,1.1539931942980708,4.842949223209296,1078.1799865648563,18.29653118590587,454.4309473483591,2971.9980195647977,7.4250014802604785,1.0,9.415867831941559e-05,0.42293670293050534,0.9999910981306609
0.02667,0.0034163,1.1539931942980708,4.842949223209296,1078.1799865648563,18.29653118590587,454.4309473483591,2971.9980195647977,7.4250014802604785,1.0,9.415867831941559e-05,0.42293670293050534,0.9999910981306609
0.026924,0.0034163,1.1539931942980708,4.842949223209296,1078.1799865648563,18.29653118590587,454.4309473483591,2971.9980195647977,7.4250014802604785,1.0,9.415867831941559e-05,0.42293670293050534,0.9999910981306609
0.027178,0.0034163,1.1539931942980708,4.842949223209296,1078.1799865648563,18.29653118590587,454.4309473483591,2971.9980195647977,7.4250014802604785,1.0,9.415867831941559e-05,0.42293670293050534,0.9999910981306609
0.027431999999999998,0.0034163,1.1539931942980708,4.842949223209296,1078.1799865648563,18.29653118590587,454.4309473483591,2971.9980195647977,7.4250014802604785,1.0,9.415867831941559e-05,0.42293670293050534,0.9999910981306609
0.027686,0.0034163,1.1539931942980708,4.842949223209296,1078.1799865648563,18.29653118590587,454.4309473483591,2971.9980195647977,7.4250014802604785,1.0,9.415867831941559e-05,0.42293670293050534,0.9999910981306609
0.02794,0.0034163,1.1539931942980708,4.842949223209296,1078.1799865648563,18.29653118590587,454.4309473483591,2971.9980195647977,7.4250014802604785,1.0,9.415867831941559e-05,0.42293670293050534,0.9999910981306609
0.028194000000000004,0.0034163,1.1539931942980708,4.842949223209296,1078.1799865648563,18.29653118590587,454.4309473483591,2971.9980195647977,7.4250014802604785,1.0,9.415867831941559e-05,0.42293670293050534,0.9999910981306609
0.028448,0.0034163,1.1539931942980708,4.842949223209296,1078.1799865648563,18.29653118590587,454.4309473483591,2971.9980195647977,7.4250014802604785,1.0,9.415867831941559e-05,0.42293670293050534,0.9999910981306609
0.028702000000000002,0.0034163,1.1539931942980708,4.842949223209296,1078.1799865648563,18.29653118590587,454.4309473483591,2971.9980195647977,7.4250014802604785,1.0,9.415867831941559e-05,0.42293670293050534,0.9999910981306609
0.028956000000000003,0.0034163,1.1539931942980708,4.842949223209296,1078.1799865648563,18.29653118590587,454.4309473483591,2971.9980195647977,7.4250014802604785,1.0,9.415867831941559e-05,0.42293670293050534,0.9999910981306609
