0.000000000000000000e+00,0.000000000000000000e+00,0.000000000000000000e+00,0.000000000000000000e+00,0.000000000000000000e+00,0.000000000000000000e+00,-1.757616612844405679e-01,-1.347125678057613796e-01,-1.058500733343010203e-01,-8.492314779123473489e-02,-6.941596984439192541e-02,-5.774363159066703277e-02,-4.904264880328405157e-02,-4.249691622547291381e-02,-3.759304207097645401e-02,-3.521914997347914272e-02,-4.049508322858234172e-02,-5.688852321458000988e-02,6.155738959544988613e-03,-9.824156373768913944e-03,-3.287431133424076335e-02,2.738012435658352187e-02,2.668893795849878667e-02,2.578809564632733933e-02,2.468462160359043145e-02,2.339016125099665708e-02,2.191994230712209640e-02,2.029184502699728915e-02,1.852557040983027203e-02,1.664190204441400381e-02,1.466206011027962851e-02,1.260714659502633513e-02,1.049768008572344452e-02,8.353217211130309003e-03,6.192056369139697578e-03,4.031018025140539751e-03,1.885294757339191175e-03,-2.316365747926029620e-04,-2.308048632955870053e-03,-4.333951621709976852e-03,-6.301043651372210605e-03,-8.202631203833583851e-03,-1.003352692074302964e-02,-1.178993126109200568e-02,-1.346930382105302262e-02,-1.507022931579346005e-02,-1.659228242693289515e-02,-1.803589494917663336e-02,-1.940222794721066166e-02,-2.069305097442687355e-02
0.000000000000000000e+00,0.000000000000000000e+00,0.000000000000000000e+00,0.000000000000000000e+00,0.000000000000000000e+00,0.000000000000000000e+00,-1.941291832263701000e-01,-1.484598592370948156e-01,-1.164262321687251495e-01,-9.324076027546572554e-02,-7.608605445390320687e-02,-6.318430693606102988e-02,-5.354966456604635938e-02,-4.631205175613917896e-02,-4.088244539500576757e-02,-3.786780817413588907e-02,-4.266001468213832110e-02,-5.907496153056909782e-02,7.829009492095485509e-03,-8.790606877932495219e-03,-3.279523275488144957e-02,2.947496702654149939e-02,2.874515047786166400e-02,2.779027741666892024e-02,2.661754919019322652e-02,2.523921968554455539e-02,2.367146400569786549e-02,2.193336755649693062e-02,2.004602235362538953e-02,1.803172525320301603e-02,1.591327616697104860e-02,1.371337507634931910e-02,1.145411599939164492e-02,9.156574736338666046e-03,6.840485689858626268e-03,4.524001610650397152e-03,2.223528921602922672e-03,-4.636959497045569105e-05,-2.273013477914241545e-03,-4.445593541684602842e-03,-6.555119882298338432e-03,-8.594337330287507917e-03,-1.055761616603481147e-02,-1.244082519056969975e-02,-1.424119343278061264e-02,-1.595716591844128715e-02,-1.758825806659254296e-02,-1.913491244604593328e-02,-2.059836084284165370e-02,-2.198049387507301083e-02
0.000000000000000000e+00,0.000000000000000000e+00,0.000000000000000000e+00,0.000000000000000000e+00,0.000000000000000000e+00,0.000000000000000000e+00,-2.138223333752769517e-01,-1.631606624254489657e-01,-1.277110197639317046e-01,-1.020977106133971329e-01,-8.317554160786637396e-02,-6.895733214996804805e-02,-5.832022898133096961e-02,-5.034181489419082417e-02,-4.434887745088527539e-02,-4.067653561153563441e-02,-4.490159355397085189e-02,-6.124352380899650283e-02,9.647318349921839981e-03,-7.591982163622764367e-03,-3.252687444703794561e-02,3.164849891975349272e-02,3.088051288958905405e-02,2.987153474486603857e-02,2.862889391679314735e-02,2.716543124787380512e-02,2.549827026854163334e-02,2.364772086807125084e-02,2.163629995713165291e-02,1.948786274299652010e-02,1.722684216539465199e-02,1.487759503774815570e-02,1.246385283568073737e-02,1.000827370403368707e-02,7.532090635885393785e-03,5.054849231163711584e-03,2.594227152246744023e-03,1.659264515820163522e-04,-2.216370618498344179e-03,-4.540991902769240737e-03,-6.798221207483446347e-03,-8.980208789642020115e-03,-1.108085491053123657e-02,-1.309567411970457944e-02,-1.502164706381236073e-02,-1.685706569447419090e-02,-1.860137682317529462e-02,-2.025502807302877878e-02,-2.181931943305641386e-02,-2.329626284862675381e-02
0.000000000000000000e+00,0.000000000000000000e+00,0.000000000000000000e+00,0.000000000000000000e+00,0.000000000000000000e+00,0.000000000000000000e+00,-2.349088287079862392e-01,-1.788598620248037230e-01,-1.397356650248293697e-01,-1.115176886927077005e-01,-9.070096876818971310e-02,-7.507507302400628912e-02,-6.336374168068385770e-02,-5.459346208798290107e-02,-4.799795515193882450e-02,-4.365647046046390589e-02,-4.722992571489643965e-02,-6.340216094815402659e-02,1.161138307767642548e-02,-6.226332156329917981e-03,-3.206589859221851968e-02,3.390074779008883654e-02,3.309519454106522179e-02,3.203218469920175726e-02,3.071912103684736745e-02,2.916940524657115133e-02,2.740110666237923973e-02,2.543577614553807487e-02,2.329738727247964922e-02,2.101139723533222009e-02,1.860392442926962417e-02,1.610104097664087977e-02,1.352817790916578666e-02,1.090963932228548178e-02,8.268220109409798665e-03,5.624920233684182515e-03,2.998747106992338558e-03,4.065966247409783592e-04,-2.136797213805412786e-03,-4.618854396535636286e-03,-7.029092871623061727e-03,-9.359034150689617484e-03,-1.160207963378325977e-02,-1.375336592300272637e-02,-1.580960645854554217e-02,-1.776892582394025769e-02,-1.963069207211127348e-02,-2.139535145768710692e-02,-2.306426905172541050e-02,-2.463957788267205976e-02
0.000000000000000000e+00,0.000000000000000000e+00,0.000000000000000000e+00,0.000000000000000000e+00,0.000000000000000000e+00,0.000000000000000000e+00,-2.574628911360972716e-01,-1.956043223165729872e-01,-1.525327593032661522e-01,-1.215254882972328504e-01,-9.867980508049729871e-02,-8.155020533099861801e-02,-6.868989023845573083e-02,-5.907447724439188197e-02,-5.183547873385222632e-02,-4.681901770334887664e-02,-4.965562605890305042e-02,-6.555965345383091281e-02,1.372158078855707612e-02,-4.692107854991621821e-03,-3.140950778261254045e-02,3.623171261276453975e-02,3.538933482400134084e-02,3.427251417013596479e-02,3.288866620403350927e-02,3.125172262723872191e-02,2.938069215523543207e-02,2.729838014390656431e-02,2.503024638630225659e-02,2.260339214116365708e-02,2.004567272752656379e-02,1.738493361322492395e-02,1.464836748926739464e-02,1.186198838505001137e-02,9.050217084344286053e-03,6.235570344087429731e-03,3.438444927231851765e-03,6.769863556418672735e-04,-2.032968388454910614e-03,-4.677885241836461996e-03,-7.246475428625900883e-03,-9.729596284414651630e-03,-1.212012030913260652e-02,-1.441278134417478887e-02,-1.660400577344778653e-02,-1.869173559205935739e-02,-2.067524911986178687e-02,-2.255498409997774151e-02,-2.433236694532964553e-02,-2.600965100071131811e-02
0.000000000000000000e+00,0.000000000000000000e+00,0.000000000000000000e+00,0.000000000000000000e+00,0.000000000000000000e+00,0.000000000000000000e+00,-2.815592104570226462e-01,-2.134432164848459879e-01,-1.661361935009971480e-01,-1.321434657824344938e-01,-1.071299191264336592e-01,-8.839610585794555053e-02,-7.430865467282998793e-02,-6.379257520436107387e-02,-5.586743446489846054e-02,-5.017581185659659299e-02,-5.218977914291218767e-02,-6.772548230060206065e-02,1.597786379507878940e-02,-2.988139047286686618e-03,-3.055541023504753512e-02,-6.978374188349521778e-02,3.776304323387241063e-02,3.659277981693313114e-02,3.513793531938492337e-02,3.341293573462093131e-02,3.143771880860289636e-02,2.923635482665520174e-02,2.683581701670377517e-02,2.426489113122557925e-02,2.155321983058239993e-02,1.873047944377031343e-02,1.582568636014816330e-02,1.286662884666799588e-02,9.879418201864324789e-03,6.888151288637218636e-03,3.914674889062444256e-03,9.784411295162592954e-04,-1.903557516769973767e-03,-4.716785435777750071e-03,-7.449104959934007078e-03,-1.009067255085254085e-02,-1.263380056078597033e-02,-1.507279412545822067e-02,-1.740377168089670898e-02,-1.962447646998651332e-02,-2.173408526406474250e-02,-2.373301941421902816e-02,-2.562276229911629802e-02,-2.740568627476188540e-02
0.000000000000000000e+00,0.000000000000000000e+00,0.000000000000000000e+00,0.000000000000000000e+00,0.000000000000000000e+00,0.000000000000000000e+00,-3.072804464667941993e-01,-2.324283091450812522e-01,-1.805774402929666012e-01,-1.433968269934919049e-01,-1.160697832038751487e-01,-9.562416453357412693e-02,-8.023031207630290651e-02,-6.875570529662372588e-02,-6.009999740906402099e-02,-5.373868229393885532e-02,-5.484387644724871697e-02,-6.990987380932026096e-02,1.838007740143054666e-02,-1.113738309160161848e-03,-2.950178697851027834e-02,-6.994385293487502542e-02,4.021639943680768020e-02,3.899320802289500676e-02,3.746730438717338352e-02,3.565356808291076512e-02,3.357285147676097176e-02,3.125049700884279663e-02,2.871501611460693451e-02,2.599691770928327580e-02,2.312768106805558957e-02,2.013887029402118209e-02,1.706138737952379164e-02,1.392485939425987425e-02,1.075715336299702847e-02,7.584010411886928614e-03,4.428789050215027265e-03,1.312306164093684016e-03,-1.747236511584320797e-03,-4.734253009378549919e-03,-7.635713297488464987e-03,-1.044103499046413093e-02,-1.314193782520798985e-02,-1.573227114100780519e-02,-1.820782347680285213e-02,-2.056612219905082015e-02,-2.280622985683713327e-02,-2.492854277389523754e-02,-2.693459626577755783e-02,-2.882687984017316338e-02
0.000000000000000000e+00,0.000000000000000000e+00,0.000000000000000000e+00,0.000000000000000000e+00,0.000000000000000000e+00,0.000000000000000000e+00,-3.347178836550331882e-01,-2.526144181096813268e-01,-1.958959454689774282e-01,-1.553109683512404471e-01,-1.255186093256230317e-01,-1.032508793738558528e-01,-8.646544143699794183e-02,-7.397205500009768064e-02,-6.453953425848700520e-02,-5.751962122263627741e-02,-5.762976903317668098e-02,-7.212369567761443834e-02,-1.063849844596942706e-01,9.316286012416427273e-04,-2.824735833900888712e-02,-6.986419778456874619e-02,4.274945334271865183e-02,4.147399485838591110e-02,3.987711937901495390e-02,3.797411413393315255e-02,3.578672751309033839e-02,3.334157800600317384e-02,3.066873746949376131e-02,2.780047478833259575e-02,2.477015388801370732e-02,2.161128287279921040e-02,1.835671103648758851e-02,1.503796901809914023e-02,1.168474531833837808e-02,8.324490291029254876e-03,4.982136892926261433e-03,1.679926083598540622e-03,-1.562676117656484204e-03,-4.728983287915098851e-03,-7.805028251347230668e-03,-1.077945052004317984e-02,-1.364334351685614517e-02,-1.639007253438736975e-02,-1.901507319205341523e-02,-2.151563887851144774e-02,-2.389070437127696969e-02,-2.614063155934094607e-02,-2.826700199669453586e-02,-3.027241991270536101e-02
0.000000000000000000e+00,0.000000000000000000e+00,0.000000000000000000e+00,0.000000000000000000e+00,0.000000000000000000e+00,0.000000000000000000e+00,-3.639744115508921629e-01,-2.740604707164354115e-01,-2.121306411899128719e-01,-1.679109705555473508e-01,-1.354963019219073972e-01,-1.112910165089442405e-01,-9.302492873161730125e-02,-7.945005375448405127e-02,-6.919260625613164739e-02,-6.152858753878510251e-02,-6.055962262938715396e-02,-7.437839789069190799e-02,-1.085950238619480812e-01,3.148157076167206608e-03,-2.679122720483925052e-02,-6.954283947755587891e-02,4.536222518330244174e-02,4.403530605074162246e-02,4.236769610561749722e-02,4.037503908284276882e-02,3.807995648318517751e-02,3.551034328874328599e-02,3.269785131954010965e-02,2.967654426979363796e-02,2.648171741782601521e-02,2.314887832590130021e-02,1.971288500843747585e-02,1.620723658005783843e-02,1.266350925497097303e-02,9.110928346757791660e-03,5.576064962797728196e-03,2.082644588371140252e-03,-1.348546209674423603e-03,-4.699669155945209939e-03,-7.955773841965288473e-03,-1.110468113317660856e-02,-1.413682319828794137e-02,-1.704505186019614899e-02,-1.982442570781466074e-02,-2.247198505687092451e-02,-2.498652247120829520e-02,-2.736835520834752372e-02,-2.961910467578914366e-02,-3.174148680791089722e-02
0.000000000000000000e+00,0.000000000000000000e+00,0.000000000000000000e+00,0.000000000000000000e+00,0.000000000000000000e+00,0.000000000000000000e+00,-3.951695921909225140e-01,-2.968295215247098162e-01,-2.293220554397152888e-01,-1.812273319984518682e-01,-1.460231454182439326e-01,-1.197598176620411070e-01,-9.991997239548629228e-02,-8.519837696984430830e-02,-7.406597223520104689e-02,-6.573436069585078534e-02,-6.364587517799007166e-02,-7.668595593409371913e-02,-1.107357361563201525e-01,5.535690494426436653e-03,-2.513267709944747366e-02,-6.897865829606623922e-02,4.805470559340048464e-02,4.667727696002966359e-02,4.493932009548666506e-02,4.285677865091709615e-02,4.045311988452461593e-02,3.775751214292874525e-02,3.480320396611658040e-02,3.162608662573089535e-02,2.826343202668624849e-02,2.475280179037155429e-02,2.113112371719548521e-02,1.743393038020150596e-02,1.369475238066063770e-02,9.944656450699470435e-03,6.211916503692271538e-03,2.521804120149062026e-03,-1.103516094835934594e-03,-4.645001327010379877e-03,-8.086670537144071205e-03,-1.141548410527342371e-02,-1.462117675466371655e-02,-1.769605622986086466e-02,-2.063477887473040562e-02,-2.343411182678561272e-02,-2.609269008420891586e-02,-2.861077526973677607e-02,-3.099002155602630440e-02,-3.323325296286110120e-02
0.000000000000000000e+00,0.000000000000000000e+00,0.000000000000000000e+00,0.000000000000000000e+00,0.000000000000000000e+00,0.000000000000000000e+00,-4.284431025455157638e-01,-3.209909984169720953e-01,-2.475130867054431694e-01,-1.952895138652181450e-01,-1.571203729948014993e-01,-1.286731691782171394e-01,-1.071791022723282277e-01,-9.122595029996342919e-02,-7.916659180859093869e-02,-7.012706694419378051e-02,-6.690119687741158394e-02,-7.905881632022733474e-02,-1.128183171230453946e-01,8.093779740793014335e-03,-2.327149135258056376e-02,-6.817044914665895683e-02,5.082682752655064140e-02,4.940001255951161074e-02,4.759224647983303913e-02,4.541973888495391687e-02,4.290677087241160509e-02,4.008377733531059278e-02,3.698561739260064485e-02,3.365004048411002202e-02,3.011633888985636165e-02,2.642418194921845181e-02,2.261262788439597285e-02,1.871930772161499099e-02,1.477977350539859749e-02,1.082700052947850426e-02,6.891031088709580199e-03,2.998745523036561687e-03,-8.262548199835500345e-04,-4.563668618009981623e-03,-8.196435493657203836e-03,-1.171061220318255977e-02,-1.509519857267205625e-02,-1.834192646162800464e-02,-2.144502363605282208e-02,-2.440096292361453381e-02,-2.720820547796634278e-02,-2.986694545994219088e-02,-3.237886199860887104e-02,-3.474688296025772727e-02
0.000000000000000000e+00,0.000000000000000000e+00,0.000000000000000000e+00,0.000000000000000000e+00,0.000000000000000000e+00,0.000000000000000000e+00,0.000000000000000000e+00,-3.466177312946262523e-01,-2.667498619624772971e-01,-2.101283737439675059e-01,-1.688092996341166718e-01,-1.380489951402601168e-01,-1.148206010889572665e-01,-9.754195426182726836e-02,-8.450162875008095098e-02,-7.471230956922235433e-02,-7.033845276780058275e-02,-8.150984444362149861e-02,-1.148546874769873355e-01,1.082169581552645116e-02,-2.120779055986008257e-02,-6.711776612915791584e-02,5.367853652180851892e-02,5.220357115188984515e-02,5.032669988280735057e-02,4.806429596271811350e-02,4.544143399183769860e-02,4.248980478440118197e-02,3.924588888742146231e-02,3.574932221707918800e-02,3.204145955466506518e-02,2.816413058664028746e-02,2.415858408621535461e-02,2.006461447353111854e-02,1.591986262036003061e-02,1.175928016547035312e-02,7.614744247289035282e-03,3.514807700196730458e-03,-5.154314832793002645e-04,-4.454358228243621327e-03,-8.283782803560004945e-03,-1.198881389941316988e-02,-1.555767772390284111e-02,-1.898149723478598921e-02,-2.225404415474301068e-02,-2.537147482764609899e-02,-2.833205934000081541e-02,-3.113591172264248627e-02,-3.378472751490898401e-02,-3.628153355497343996e-02
0.000000000000000000e+00,0.000000000000000000e+00,0.000000000000000000e+00,0.000000000000000000e+00,0.000000000000000000e+00,0.000000000000000000e+00,0.000000000000000000e+00,-3.738016264194984339e-01,-2.870853741135110382e-01,-2.257763754780041099e-01,-1.811122311646540528e-01,-1.479026762121654903e-01,-1.228390799691835844e-01,-1.041558293053986561e-01,-9.007845461923152941e-02,-7.949586129548090463e-02,-7.397066791441937739e-02,-8.405227478359718341e-02,-1.168574293807558145e-01,1.371844103018774082e-02,-1.894201092527791550e-02,-6.582059786530143619e-02,5.660974299300800677e-02,5.508798746457512635e-02,5.314287026557038690e-02,5.079079600379053649e-02,4.805760491487590796e-02,4.497623323637060105e-02,4.158479067122240053e-02,3.792482553224650610e-02,3.403979550828200445e-02,2.997374214380688420e-02,2.577016430751172954e-02,2.147108463283334961e-02,1.711630047434157392e-02,1.274280819429880578e-02,8.384387088484209632e-03,4.071327266292772140e-03,-1.697155503992802403e-04,-4.315756023115122249e-03,-8.347423745189536462e-03,-1.224883359097689826e-02,-1.600739815269253130e-02,-1.961359724814941419e-02,-2.306071794457782015e-02,-2.634457687004274420e-02,-2.946323486080063697e-02,-3.241671229148948563e-02,-3.520671181117814019e-02,-3.783635370306257656e-02
0.000000000000000000e+00,0.000000000000000000e+00,0.000000000000000000e+00,0.000000000000000000e+00,0.000000000000000000e+00,0.000000000000000000e+00,0.000000000000000000e+00,-4.026468310789547145e-01,-3.085709193741771328e-01,-2.422706156021447454e-01,-1.940541183517683343e-01,-1.582517054585028116e-01,-1.312476841911192071e-01,-1.110772814652822293e-01,-9.590465269460082820e-02,-8.448366717143485083e-02,-7.781099525633898562e-02,-8.669966347756666303e-02,-1.188397252007568627e-01,1.678275885042264381e-02,-1.647488432518580057e-02,-6.427933551326689421e-02,5.962031942869511908e-02,5.805329487555570961e-02,5.604088752565970083e-02,5.359955488510220745e-02,5.075575018313056852e-02,4.754367394568460858e-02,4.400306952799352966e-02,4.017742106688997061e-02,3.611232774726499950e-02,3.185409327523068546e-02,2.744852549542349876e-02,2.293993988398891973e-02,1.837035814774010817e-02,1.377889029913165544e-02,9.201285920447731942e-03,4.669638195715763301e-03,2.122228247676945180e-04,-4.146546822494987135e-03,-8.386067038859502942e-03,-1.248941182286682737e-02,-1.644313886846654124e-02,-2.023704938283800783e-02,-2.386391600529856258e-02,-2.731919134254476300e-02,-3.060070782041011614e-02,-3.370837775597550212e-02,-3.664390083607934473e-02,-3.941048459328378578e-02
0.000000000000000000e+00,0.000000000000000000e+00,0.000000000000000000e+00,0.000000000000000000e+00,0.000000000000000000e+00,0.000000000000000000e+00,0.000000000000000000e+00,-4.332749037962894678e-01,-3.312662699482368800e-01,-2.596472030040129497e-01,-2.076599659568841572e-01,-1.691141895720000843e-01,-1.400622433788581978e-01,-1.183162776809142253e-01,-1.019880222954910598e-01,-8.968184767366951804e-02,-8.187268620200639779e-02,-8.946584329358212018e-02,-1.208152985139519936e-01,2.001314244733359143e-02,-1.380742004895905289e-02,-6.249474269147071992e-02,6.271010906326843215e-02,6.109947612394722727e-02,5.902091574341143676e-02,5.649082546533387011e-02,5.353630695472206408e-02,5.019271036015835602e-02,4.650144643999348099e-02,4.250795598502069006e-02,3.826001634886424391e-02,3.380624240575748340e-02,2.919480911247610347e-02,2.447238915747434324e-02,1.968329662412579215e-02,1.486882460182625126e-02,1.006676186617213795e-02,5.311071466619316644e-03,6.317124749351073947e-04,-3.945414693735540754e-03,-8.398419107259304586e-03,-1.270928551618782758e-02,-1.686367414260259850e-02,-2.085067086937887962e-02,-2.466250296184005486e-02,-2.829423361097108472e-02,-3.174344667851256019e-02,-3.500993113048123800e-02,-3.809537283108622302e-02,-4.100305968117889249e-02
0.000000000000000000e+00,0.000000000000000000e+00,0.000000000000000000e+00,0.000000000000000000e+00,0.000000000000000000e+00,0.000000000000000000e+00,0.000000000000000000e+00,-4.658492417881823222e-01,-3.552394863566694094e-01,-2.779443570707893496e-01,-2.219571099684289617e-01,-1.805085171000991584e-01,-1.492955096723105057e-01,-1.258830829165296650e-01,-1.083365835916307723e-01,-9.509670208159223814e-02,-8.616906407039072457e-02,-9.236488103727490129e-02,-1.227983573754768409e-01,2.340784201969494521e-02,-1.094088816963885956e-02,-6.046792728411780338e-02,6.587892593060745705e-02,6.422648344150400090e-02,6.208305598429735700e-02,5.946488100713329811e-02,5.639966341634880531e-02,5.292389781004017135e-02,4.908061622623260956e-02,4.491725357717953754e-02,4.048380004404308202e-02,3.583122928817454589e-02,3.101014068923046638e-02,2.606962818673493054e-02,2.105636635946243201e-02,1.601390125096652586e-02,1.098213047552197563e-02,5.996954700796916678e-03,1.090080889764374374e-03,-3.711043249332160194e-03,-8.383184340559575454e-03,-1.290718820095864382e-02,-1.726777370984015209e-02,-2.145327345916589815e-02,-2.545533720767310243e-02,-2.926861223255975558e-02,-3.289041266805235730e-02,-3.632038792654927739e-02,-3.956019838379022657e-02,-4.261320472575026025e-02
0.000000000000000000e+00,0.000000000000000000e+00,0.000000000000000000e+00,0.000000000000000000e+00,0.000000000000000000e+00,0.000000000000000000e+00,0.000000000000000000e+00,-5.005802056358233942e-01,-3.805695483644386257e-01,-2.972051684724582032e-01,-2.369802034307505190e-01,-1.924548222041335688e-01,-1.589615140976002872e-01,-1.337882428723397576e-01,-1.149585750817387203e-01,-1.007347121850045435e-01,-9.071350049704136886e-02,-9.541103743612691646e-02,-1.248035398601274049e-01,2.696487094963501835e-02,-7.876804496274911194e-03,-5.820031509888923954e-02,-1.294453624520243151e-01,6.743423852435313781e-02,6.522737826125213356e-02,6.252195361538752383e-02,5.934618962099257738e-02,5.573775743625290768e-02,5.174124718425365810e-02,4.740611286282914172e-02,4.278459579214930614e-02,3.793007456143142331e-02,3.289562937649401914e-02,2.773283906371929938e-02,2.249080684901963445e-02,1.721540200684055014e-02,1.194870133359569007e-02,6.728611799426389463e-03,1.588653881755920866e-03,-3.442115949229406814e-03,-8.339065366233784291e-03,-1.308185025359361389e-02,-1.765420297425972576e-02,-2.204366360030454372e-02,-2.624127105229929341e-02,-3.024122907718510694e-02,-3.404055989243614383e-02,-3.763875622842675212e-02,-4.103744048416207296e-02,-4.424003782877941604e-02
0.000000000000000000e+00,0.000000000000000000e+00,0.000000000000000000e+00,0.000000000000000000e+00,0.000000000000000000e+00,0.000000000000000000e+00,0.000000000000000000e+00,-5.377668910460715601e-01,-4.073470426693104884e-01,-3.174772275157693446e-01,-2.527528317812166025e-01,-2.049736865721307755e-01,-1.690753878441133007e-01,-1.420426003274351534e-01,-1.218624771071182417e-01,-1.066025464006773865e-01,-9.551939494930618280e-02,-9.861872955338574220e-02,-1.268458618941674387e-01,3.068201085429404090e-02,-4.616917058171614123e-03,-5.569362534511378138e-02,-1.280869418106490576e-01,7.072263249617190273e-02,6.845392142848200079e-02,6.566223590776860963e-02,6.237625405077362045e-02,5.863475312381474097e-02,5.448398073489125332e-02,4.997530819514924699e-02,4.516329835714872482e-02,4.010377930944297731e-02,3.485236749710352716e-02,2.946318979302016763e-02,2.398784619201048754e-02,1.847459982339283435e-02,1.296777766544720926e-02,7.507362574702053371e-03,2.128755247701708073e-03,-3.137316407764286115e-03,-8.264763323599585987e-03,-1.323199913908998555e-02,-1.802172321985320846e-02,-2.262064261787407118e-02,-2.701915087293301279e-02,-3.121097945249337938e-02,-3.519283542635710804e-02,-3.896403677192023657e-02,-4.252615458381137775e-02,-4.588266947683065228e-02
0.000000000000000000e+00,0.000000000000000000e+00,0.000000000000000000e+00,0.000000000000000000e+00,0.000000000000000000e+00,0.000000000000000000e+00,0.000000000000000000e+00,-5.777976122349827159e-01,-4.356859549770395468e-01,-3.388104063171607505e-01,-2.693067663891853813e-01,-2.180867258697620492e-01,-1.796470034218184686e-01,-1.506573081033049100e-01,-1.290570117844818676e-01,-1.127070597626686072e-01,-1.006001575250105168e-01,-1.020024957951773531e-01,-1.289406673980660056e-01,-1.907016080067722719e-01,-1.163194069991326527e-03,-5.294984789871581832e-02,-1.264334263583977713e-01,7.409152586000385121e-02,7.176269307048384338e-02,6.888588933739160647e-02,6.549017339106533164e-02,6.161538826178238754e-02,5.730939379506492376e-02,5.262558886802715108e-02,4.762077988530641348e-02,4.235332462042636081e-02,3.688143009727545829e-02,3.126183384463607912e-02,2.554870065399487272e-02,1.979275842718710224e-02,1.404065593720269477e-02,8.334522377384427985e-03,2.711706425711522383e-03,-2.795328705246551398e-03,-8.158978143087131443e-03,-1.335635965792636611e-02,-1.836909182571506982e-02,-2.318300689863866254e-02,-2.778781727040557231e-02,-3.217675223299783921e-02,-3.634617942028514626e-02,-4.029522302660728389e-02,-4.402538865828566073e-02,-4.754020258598493781e-02
0.000000000000000000e+00,0.000000000000000000e+00,0.000000000000000000e+00,0.000000000000000000e+00,0.000000000000000000e+00,0.000000000000000000e+00,0.000000000000000000e+00,-6.212193098601295205e-01,-4.657333547690472031e-01,-3.612590272159462157e-01,-2.866767230079761419e-01,-2.318168008035068062e-01,-1.906975413607056025e-01,-1.596438436462460919e-01,-1.365511450440621000e-01,-1.190553032945221579e-01,-1.059691952452996855e-01,-1.055769635878795604e-01,-1.311035807657292551e-01,-1.920954452183576133e-01,2.482186674305868462e-03,-4.997122231851319069e-02,-1.244873421725972013e-01,7.754074843559093100e-02,7.515366938412965103e-02,7.219304401205686728e-02,6.868823368870204116e-02,6.468010221580781927e-02,6.021809644551431862e-02,5.535765606306473907e-02,5.015788948416274179e-02,4.467967114669837286e-02,3.898387449749857875e-02,3.312990970536603547e-02,2.717457422705800082e-02,2.117113189340568899e-02,1.516862545359310734e-02,9.211401720283162245e-03,3.338826147825406897e-03,-2.414837704170656654e-03,-8.020408830243085790e-03,-1.345365419769671382e-02,-1.869506248587241362e-02,-2.372954808023543943e-02,-2.854610522933050815e-02,-3.313742999316913324e-02,-3.749952520866453587e-02,-4.163130128144934550e-02,-4.553418327245971342e-02,-4.921173254934520930e-02
0.000000000000000000e+00,0.000000000000000000e+00,0.000000000000000000e+00,0.000000000000000000e+00,0.000000000000000000e+00,0.000000000000000000e+00,0.000000000000000000e+00,-6.686705425593074681e-01,-4.976784667004339746e-01,-3.849016630221275825e-01,-3.048941428775515661e-01,-2.461892087445754496e-01,-2.022441869512668633e-01,-1.690140267819167652e-01,-1.443541004518884008e-01,-1.256545426310805014e-01,-1.116290631609789252e-01,-1.093568198190582041e-01,-1.333504617117891589e-01,-1.934224144888279096e-01,6.316847031536010348e-03,-4.676021857663198444e-02,-1.222515465831681553e-01,8.107009927875827304e-02,7.862679505142211589e-02,7.558379850956274681e-02,7.197069010749153339e-02,6.782930469149570096e-02,6.321065508881135164e-02,5.817220252275037001e-02,5.277544507244143202e-02,4.708375866484110911e-02,4.116073984293167759e-02,3.506854042883034150e-02,2.886665818779176121e-02,2.261096421890921443e-02,1.635296795192717201e-02,1.013930589769114661e-02,4.011430088223372041e-03,-1.994529370059359985e-03,-7.847753754475543519e-03,-1.352260298948939309e-02,-1.899838543378172886e-02,-2.425905324487404036e-02,-2.929284428256306860e-02,-3.409188914456696279e-02,-3.865179942186180301e-02,-4.297125073385016369e-02,-4.705157164905274247e-02,-5.089634728736141395e-02
0.000000000000000000e+00,0.000000000000000000e+00,0.000000000000000000e+00,0.000000000000000000e+00,0.000000000000000000e+00,0.000000000000000000e+00,0.000000000000000000e+00,-7.202192534789846334e-01,-5.317747713988407732e-01,-4.098169262682893055e-01,-3.240040770982820506e-01,-2.612290045798402183e-01,-2.143047900928218008e-01,-1.787800414980402208e-01,-1.524753708389987861e-01,-1.325122453352977070e-01,-1.175148075446618146e-01,-1.133567841548025201e-01,-1.356973625256518157e-01,-1.946993627790030434e-01,1.033821641658565563e-02,-4.331951946438605122e-02,-1.197291989537969670e-01,8.467934657898021356e-02,8.218198310027692577e-02,7.905821968726663151e-02,7.533776668173662594e-02,7.106337543350185748e-02,6.628759967987531143e-02,6.106992201960376176e-02,5.547421374142406242e-02,4.956650563611326998e-02,4.341304665324913908e-02,3.707883318409405798e-02,3.062613065307245169e-02,2.411348889236892765e-02,1.759495719252499382e-02,1.111953460078613475e-02,4.730830507037269914e-03,-1.533091096941263925e-03,-7.639710942549469974e-03,-1.356192436903490110e-02,-1.927780767151550737e-02,-2.477030511757570899e-02,-3.002685867999262473e-02,-3.503900007704804226e-02,-3.980192210190960922e-02,-4.431404358220210338e-02,-4.857657974032404680e-02,-5.259312730101569494e-02
0.000000000000000000e+00,0.000000000000000000e+00,0.000000000000000000e+00,0.000000000000000000e+00,0.000000000000000000e+00,0.000000000000000000e+00,0.000000000000000000e+00,-7.723462000373968461e-01,-5.683669950112221203e-01,-4.361124576107363593e-01,-3.440563631128267796e-01,-2.769642085972119916e-01,-2.268981534874832950e-01,-1.889773355436403512e-01,-1.609247322225848265e-01,-1.396360963197491589e-01,-1.236182978826315254e-01,-1.175915853698662333e-01,-1.381604877796092368e-01,-1.959435237259354035e-01,1.454353844030472492e-02,-3.965200463347005183e-02,-1.169237333334032236e-01,8.836822753083631299e-02,8.581911475037495851e-02,8.261634248385926749e-02,7.878965606636775809e-02,7.438266392376090275e-02,6.944943152059095126e-02,6.405145928623987017e-02,5.825500959739796092e-02,5.212876656078162946e-02,4.574179637184902503e-02,3.916187880287069767e-02,3.245415613363243634e-02,2.567992846148127450e-02,1.889585854561552300e-02,1.215338152900923355e-02,5.498335889775592643e-03,-1.029212037456974857e-03,-7.394978376843475663e-03,-1.357033504263359912e-02,-1.953207320366413119e-02,-2.526208226898404158e-02,-3.074696756170245890e-02,-3.597762730409513610e-02,-4.094880682208582728e-02,-4.565864512196998737e-02,-5.010822630298943786e-02,-5.430114572791675670e-02
0.000000000000000000e+00,0.000000000000000000e+00,0.000000000000000000e+00,0.000000000000000000e+00,0.000000000000000000e+00,0.000000000000000000e+00,0.000000000000000000e+00,-8.020863046815643882e-01,-6.079179272150261326e-01,-4.639187185435673100e-01,-3.651059027657502787e-01,-2.934253857269057963e-01,-2.400475971649965734e-01,-1.996582540176765896e-01,-1.697122605853572663e-01,-1.470340072623073924e-01,-1.299457880006359145e-01,-1.220759276449067399e-01,-1.407561565486306621e-01,-1.971724655046638297e-01,1.892987633104857223e-02,-3.576073623128526308e-02,-1.138388329537961680e-01,9.213644817456284608e-02,8.953803924080962207e-02,8.625816971108998810e-02,8.232651928212403325e-02,7.778748907776954213e-02,7.269662291029263534e-02,6.711743202572691136e-02,6.111858499614296336e-02,5.477144497876624413e-02,4.814794467749532875e-02,4.131875132523971095e-02,3.435188508540658325e-02,2.731149409725937630e-02,2.025692857471522723e-02,1.324213399742483165e-02,6.315250582359012259e-03,-4.815834376076072692e-04,-7.112254298375794703e-03,-1.354655035788643498e-02,-1.975992327597853732e-02,-2.573315932278059243e-02,-3.145198513553631309e-02,-3.690662961230405797e-02,-4.209136081037465060e-02,-4.700401384535283361e-02,-5.164552297640687822e-02,-5.601946840134633399e-02
0.000000000000000000e+00,0.000000000000000000e+00,0.000000000000000000e+00,0.000000000000000000e+00,0.000000000000000000e+00,0.000000000000000000e+00,0.000000000000000000e+00,-8.018984200084959824e-01,-6.509778785917800237e-01,-4.934042699661806974e-01,-3.872147856385102505e-01,-3.106421848342014180e-01,-2.537727423624158152e-01,-2.107863491737457240e-01,-1.788483522236965495e-01,-1.547141277193344322e-01,-1.365037176287152987e-01,-1.268245081807461705e-01,-1.435007672118203403e-01,-1.984040409701121332e-01,2.349411719225269479e-02,-3.164894608821140765e-02,-1.104784065479952060e-01,9.598368320036433643e-02,9.333857363587917677e-02,8.998367183294037064e-02,8.594848545405329998e-02,8.127813893773794263e-02,7.602961679507079518e-02,7.026843052251084687e-02,6.406566713646291711e-02,5.749539991718275594e-02,5.063245107919270294e-02,4.355049759603707438e-02,3.632045345862000563e-02,2.900938515539595516e-02,2.167941461647631893e-02,1.438707254006798761e-02,7.182874421768169551e-03,1.111010238610218609e-04,-6.790237514615832769e-03,-1.348928457924563479e-02,-1.996009661877822319e-02,-2.618230716773491812e-02,-3.214072085910544413e-02,-3.782486021507273227e-02,-4.322848507685175118e-02,-4.834910154457141424e-02,-5.318747436407387369e-02,-5.774715391230536565e-02
0.000000000000000000e+00,0.000000000000000000e+00,0.000000000000000000e+00,0.000000000000000000e+00,0.000000000000000000e+00,0.000000000000000000e+00,0.000000000000000000e+00,0.000000000000000000e+00,-6.977523703004055999e-01,-5.248040018549267050e-01,-4.104581174333920002e-01,-3.286546997903398992e-01,-2.680955110741897740e-01,-2.223772813735637455e-01,-1.883437485593885963e-01,-1.626848583227416545e-01,-1.432987201260212118e-01,-1.318519764896929902e-01,-1.464107524824103113e-01,-1.996563401070909072e-01,2.823297514714217388e-02,-2.732002441399064563e-02,-1.068465664621106315e-01,9.990957571053123154e-02,9.722050260497890062e-02,9.379278672944786621e-02,8.965565154140824056e-02,8.485487036128248894e-02,7.944882641500204679e-02,7.350501725244149021e-02,6.709695764001415152e-02,6.030145977077388392e-02,5.319627985686602861e-02,4.585812213725450753e-02,3.836098224456955391e-02,3.077478873466992296e-02,2.316455435700235516e-02,1.558947050927177690e-02,8.102502362301200467e-03,7.501448914181151105e-04,-6.427627712089842814e-03,-1.339725116840478555e-02,-2.013132969515396900e-02,-2.660829317442343217e-02,-3.281197962627837444e-02,-3.873116691053294508e-02,-4.435907454503786040e-02,-4.969285341882770379e-02,-5.473307811848653059e-02,-5.948325367460281787e-02
0.000000000000000000e+00,0.000000000000000000e+00,0.000000000000000000e+00,0.000000000000000000e+00,0.000000000000000000e+00,0.000000000000000000e+00,0.000000000000000000e+00,0.000000000000000000e+00,-7.468645638905482276e-01,-5.584109652698843185e-01,-4.349419694588677610e-01,-3.475064565522328897e-01,-2.830407907342481488e-01,-2.344503833025647632e-01,-1.982095665455943234e-01,-1.709548665385928479e-01,-1.503376314898080268e-01,-1.371729274669921117e-01,-1.495025745230907366e-01,-2.009476448228443290e-01,3.314299341988691250e-02,-2.277750995994514902e-02,-1.029476085325369827e-01,1.039137369327197274e-01,1.011835781720767380e-01,9.768541944209371830e-02,9.344808205679609736e-02,8.851790870417960977e-02,8.295463494827833018e-02,7.682772649120238329e-02,7.021313213014980514e-02,6.319042939376452728e-02,5.584035123599619121e-02,4.824268463399226242e-02,4.047452963030934159e-02,3.260887923236915897e-02,2.471357540461636970e-02,1.685059367096816349e-02,9.075424097430145887e-03,1.436848584050481274e-03,-6.023125773801038703e-03,-1.326916306955378683e-02,-2.027235695399168258e-02,-2.700988141665082790e-02,-3.346456195818524326e-02,-3.962439224376528013e-02,-4.548201818726629875e-02,-5.103420818497966804e-02,-5.628132502940491610e-02,-6.122681199303992017e-02
0.000000000000000000e+00,0.000000000000000000e+00,0.000000000000000000e+00,0.000000000000000000e+00,0.000000000000000000e+00,0.000000000000000000e+00,0.000000000000000000e+00,0.000000000000000000e+00,-7.878629424180721985e-01,-5.946138496075568103e-01,-4.607814731751069259e-01,-3.672468681440865246e-01,-2.986351891093696476e-01,-2.470247021790848707e-01,-2.084573361016415771e-01,-1.795331055796341724e-01,-1.576275009193383314e-01,-1.428018990080448525e-01,-1.527926960008077206e-01,-2.022963770280730711e-01,3.822054540012641971e-02,-1.802508160387703354e-02,-9.878599369922259898e-02,1.079957458769632977e-01,1.052275194297554728e-01,1.016614418973142558e-01,9.732580877220900484e-02,9.226744749553794644e-02,8.654739515110911052e-02,8.023706392037303903e-02,7.341483980925185560e-02,6.616308965569993317e-02,5.856556407528890063e-02,5.070518701489225288e-02,4.266222040755661415e-02,3.451278783306686165e-02,2.632769485904883078e-02,1.817169979594502119e-02,1.010292367724397421e-02,2.172509041889343108e-03,-5.575434101481091531e-03,-1.310373299951803072e-02,-2.038191108784529956e-02,-2.738583289760468734e-02,-3.409726419878201381e-02,-4.050337367334164856e-02,-4.659619916410850937e-02,-5.237209819198274802e-02,-5.783119911557275949e-02,-6.297686613472827655e-02
0.000000000000000000e+00,0.000000000000000000e+00,0.000000000000000000e+00,0.000000000000000000e+00,0.000000000000000000e+00,0.000000000000000000e+00,0.000000000000000000e+00,0.000000000000000000e+00,-7.851697250221190139e-01,-6.338906685381864303e-01,-4.881260773753764992e-01,-3.879346892739709562e-01,-3.149087864430614170e-01,-2.601159629058137912e-01,-2.190990464042335273e-01,-1.884288372086810881e-01,-1.651756032650724404e-01,-1.487533713555749260e-01,-1.562975352826813380e-01,-2.037210571517649449e-01,4.346183473448408940e-02,-1.306655131454122210e-02,-9.436633132473516705e-02,-2.090490106020086447e-01,1.093520122122298294e-01,1.057206926043141731e-01,1.012888304093075287e-01,9.610364810357061027e-02,9.022742899212646273e-02,8.373350623025618833e-02,7.670270303396786726e-02,6.922019699558194794e-02,6.137279540747207773e-02,5.324661209944860779e-02,4.492513426849083918e-02,3.648766309582778672e-02,2.800810645978648109e-02,1.955403824703962762e-02,1.118627912146517162e-02,2.958419368141564868e-03,-5.083256942691788752e-03,-1.289967374280792493e-02,-2.045872329568882569e-02,-2.773490578078406307e-02,-3.470887871500923788e-02,-4.136694374223608833e-02,-4.770049496790324667e-02,-5.370544953913922170e-02,-5.938167771993947686e-02,-6.473244640359900048e-02
0.000000000000000000e+00,0.000000000000000000e+00,0.000000000000000000e+00,0.000000000000000000e+00,0.000000000000000000e+00,0.000000000000000000e+00,0.000000000000000000e+00,0.000000000000000000e+00,3.850973502047761094e+53,-6.765393430883062109e-01,-5.171738491992654563e-01,-4.096569654938719829e-01,-3.318961606835300060e-01,-2.737446606598535337e-01,-2.301474202972304262e-01,-1.976516593528860888e-01,-1.729894537674081523e-01,-1.550417716547261571e-01,-1.600334563991485382e-01,-2.052403214805010312e-01,4.886289448465484103e-02,-7.905858453627009202e-03,-8.969336418850755444e-02,-2.051866932910876296e-01,1.135567087211220849e-01,1.098629763229414247e-01,1.053371123110300456e-01,1.000266393899363615e-01,9.399502727990177720e-02,8.731750071849703199e-02,8.007731688768511547e-02,7.236248297385498851e-02,6.426289997802249465e-02,5.586792313131304366e-02,4.726432741576029606e-02,3.853466191766315857e-02,2.975597103424975493e-02,2.099884956223083479e-02,1.232676202800762032e-02,3.795868466311219224e-03,-4.545300722801615817e-03,-1.265569845160829064e-02,-2.050152355058274672e-02,-2.805585562573316080e-02,-3.529819410158645254e-02,-4.221393025314910258e-02,-4.879377757043440456e-02,-5.503318219820901164e-02,-6.093173160843235597e-02,-6.649257621814240460e-02
0.000000000000000000e+00,0.000000000000000000e+00,0.000000000000000000e+00,0.000000000000000000e+00,0.000000000000000000e+00,0.000000000000000000e+00,0.000000000000000000e+00,0.000000000000000000e+00,1.227036988290882817e+02,-7.220354923258829327e-01,-5.481842183565531768e-01,-4.324843850585775584e-01,-3.496360502202595644e-01,-2.879282244421396131e-01,-2.416153917356776981e-01,-2.072115396816246735e-01,-1.810768255809880600e-01,-1.616814843491071185e-01,-1.640167518798502921e-01,-2.068728158798964212e-01,-3.047368078560646620e-01,-2.547065374223344853e-03,-8.477195512510521391e-02,-2.010070084753429187e-01,1.178412270970239512e-01,1.140880636969071743e-01,1.094705860912870837e-01,1.040365173504157192e-01,9.785044928200437031e-02,9.098946488342211925e-02,8.353924874949666957e-02,7.559065382173787984e-02,6.723670978148518773e-02,5.857006330905045050e-02,4.968083876915360686e-02,4.065490302726254557e-02,3.157251217160854384e-02,2.250731220836496918e-02,1.352563717705568963e-02,4.686140672677386113e-03,-3.960274381863482414e-03,-1.237052095073159878e-02,-2.050904087228263770e-02,-2.834743562861673921e-02,-3.586399539048584773e-02,-4.304315644828914100e-02,-4.987491357480770826e-02,-5.635421013942422397e-02,-6.248032507232641891e-02,-6.825627219243200761e-02
0.000000000000000000e+00,0.000000000000000000e+00,0.000000000000000000e+00,0.000000000000000000e+00,0.000000000000000000e+00,0.000000000000000000e+00,0.000000000000000000e+00,0.000000000000000000e+00,2.654260740402369478e+00,-7.655630229185538260e-01,-5.814929112430025082e-01,-4.565238522019959833e-01,-3.681717857689469353e-01,-3.026864250940958234e-01,-2.535167441525128518e-01,-2.171188565980939067e-01,-1.894457706951398757e-01,-1.686868681900083600e-01,-1.682636292993204830e-01,-2.086371890489765457e-01,-3.045631560111284331e-01,3.005645723363859628e-03,-7.960707527565719088e-02,-1.965163750183415992e-01,1.222051509291079696e-01,1.183956908471066882e-01,1.136891492591503711e-01,1.081333447394267205e-01,1.017939223338859694e-01,9.474978601088897279e-02,8.708903785883707893e-02,7.890538998732553322e-02,7.029503359498581738e-02,6.135395531409855441e-02,5.217568949529033384e-02,4.284949016309508307e-02,3.345890021639814915e-02,2.408068945485998535e-02,1.478412798837543465e-02,5.630515384000064384e-03,-3.326889716425038192e-03,-1.204285604757437261e-02,-2.048000360482701843e-02,-2.860839686768419654e-02,-3.640506426512327143e-02,-4.385344119365688909e-02,-5.094276437156766008e-02,-5.766744146146196570e-02,-6.402641603426525996e-02,-7.002254422048055649e-02
0.000000000000000000e+00,0.000000000000000000e+00,0.000000000000000000e+00,0.000000000000000000e+00,0.000000000000000000e+00,0.000000000000000000e+00,0.000000000000000000e+00,0.000000000000000000e+00,-1.714052146600783255e-01,-7.860161617467057438e-01,-6.174610380362737239e-01,-4.819107781682587799e-01,-3.875535584138105616e-01,-3.180537677001934460e-01,-2.658660574870337356e-01,-2.273846772313773135e-01,-1.981046450043728036e-01,-1.760659253865425045e-01,-1.727902018546277341e-01,-2.105520626476583002e-01,-3.043731183306322419e-01,8.748031493415641541e-03,-7.420379392171198851e-02,-1.917213515778956323e-01,1.266480286941086275e-01,1.227855589192057006e-01,1.179926648135353057e-01,1.123171506756216742e-01,1.058256414356660846e-01,9.859882075332727924e-02,9.072719487485293721e-02,8.230734567783484779e-02,7.343865650851572058e-02,6.422050083562670653e-02,5.474988253406572192e-02,4.511951160827723517e-02,3.541629277762562561e-02,2.572019805800787942e-02,1.610348915116100246e-02,6.630251541900968743e-03,-2.643861726303156027e-03,-1.167141984710150238e-02,-2.041313969914477708e-02,-2.883748855364923550e-02,-3.692017927931252885e-02,-4.464359916787614263e-02,-5.199618629910946616e-02,-5.897177852541943960e-02,-6.556895615797647681e-02,-7.179039556397619204e-02
0.000000000000000000e+00,0.000000000000000000e+00,0.000000000000000000e+00,0.000000000000000000e+00,0.000000000000000000e+00,0.000000000000000000e+00,0.000000000000000000e+00,0.000000000000000000e+00,-6.818591883773199580e-01,-7.674936957441224061e-01,-6.564267720697997133e-01,-5.088047226316351201e-01,-4.078484281555312951e-01,-3.340606134348348966e-01,-2.786788499027629817e-01,-2.380201920964455375e-01,-2.070621384632156947e-01,-1.837252997900961082e-01,-1.776124833657224400e-01,-2.126360043372151620e-01,-3.041879502993040663e-01,1.467564739170407542e-02,-6.856726987171896104e-02,-1.866286177956447967e-01,1.311693731149838893e-01,1.272573335789855264e-01,1.223809608039605618e-01,1.165879302255188599e-01,1.099457688347030004e-01,1.025368946994734271e-01,9.445420142948773856e-02,8.579714839726612641e-02,7.666833945148673890e-02,6.717058009196066881e-02,5.740440212160730082e-02,4.746603972172431379e-02,3.744583427429626354e-02,2.742703866197043067e-02,1.748498614201265955e-02,7.686584700571916229e-03,-1.909908966363114621e-03,-1.125493007190928908e-02,-2.030717700071462892e-02,-2.903345828503962889e-02,-3.740811608102771746e-02,-4.541244105562132483e-02,-5.303403080842903489e-02,-6.026611809284507931e-02,-6.710689096173978740e-02,-7.355882294345222894e-02
0.000000000000000000e+00,0.000000000000000000e+00,0.000000000000000000e+00,0.000000000000000000e+00,0.000000000000000000e+00,0.000000000000000000e+00,0.000000000000000000e+00,0.000000000000000000e+00,-8.760917572699655764e-01,5.998455935937685892e+06,-6.982375301576402293e-01,-5.374201907102833520e-01,-4.291308778072888686e-01,-3.507416125633993631e-01,-2.919717601881164359e-01,-2.490373721616863101e-01,-2.163273114872431568e-01,-1.916351428889442876e-01,-1.827463881733005779e-01,-2.149075038969325835e-01,-3.040289735339706811e-01,2.078393511840516059e-02,-6.270269668023877030e-02,-1.812449573011314374e-01,1.357686604283868947e-01,1.318106444482096962e-01,1.268538298524543861e-01,1.209456439617808687e-01,1.141544335915905956e-01,1.065643019331831975e-01,9.827050967313306906e-02,8.937539847869165055e-02,7.998481871500411067e-02,7.020505134819693405e-02,6.014021330949524680e-02,4.989013046540342888e-02,3.954865547678112353e-02,2.920240092100656257e-02,1.892985209235516220e-02,8.800819412699846175e-03,-1.123812416001908777e-03,-1.079210638739485847e-02,-2.016084354232596659e-02,-2.919505230855256109e-02,-3.786764764101849257e-02,-4.615877374568934377e-02,-5.405514463226634286e-02,-6.154935146787619132e-02,-6.863915993565092299e-02,-7.532681663293908092e-02
0.000000000000000000e+00,0.000000000000000000e+00,0.000000000000000000e+00,0.000000000000000000e+00,0.000000000000000000e+00,0.000000000000000000e+00,0.000000000000000000e+00,0.000000000000000000e+00,-9.889479903918220183e-01,3.753538785279079804e+01,-7.406307296754832681e-01,-5.680533462724863814e-01,-4.514949995937609928e-01,-3.681333602652219761e-01,-3.058675745866510920e-01,-2.604488873239015900e-01,-2.259098776349336701e-01,-1.998027827049931038e-01,-1.882077365120876922e-01,-2.173849526144275013e-01,-3.039175381602265968e-01,2.706824094385040791e-02,-5.661536840444113261e-02,-1.755772425145899485e-01,1.404453295487810560e-01,1.364450844729376555e-01,1.314110286311391540e-01,1.253902174923750557e-01,1.184517311269969869e-01,1.106813045794897837e-01,1.021765418115762880e-01,9.304266861029195090e-02,8.338880546925045434e-02,7.332475042957405098e-02,6.295826147994018629e-02,5.239282292748666942e-02,4.172587304387877921e-02,3.104746305579106705e-02,2.043931125129935800e-02,9.974211182952410354e-03,-2.842501044246633041e-04,-1.028170920481471899e-02,-1.997286784198165979e-02,-2.932101578446519308e-02,-3.829754448632424063e-02,-4.688140053376190636e-02,-5.505836995868602923e-02,-6.282036464353375760e-02,-7.016469666274273431e-02,-7.709336055814881850e-02
0.000000000000000000e+00,0.000000000000000000e+00,0.000000000000000000e+00,0.000000000000000000e+00,0.000000000000000000e+00,0.000000000000000000e+00,0.000000000000000000e+00,0.000000000000000000e+00,-1.073377989915497155e+00,1.958004654102195374e+00,-7.729843339862316753e-01,-6.010458285577899851e-01,-4.750586365678194367e-01,-3.862923669236791868e-01,-3.203757417656761808e-01,-2.722682229100464868e-01,-2.358195972688458819e-01,-2.082358514232229563e-01,-1.940122660643855690e-01,-2.200866261886225417e-01,-3.038749877967824031e-01,3.352378934493896456e-02,-5.031073877548836171e-02,-1.696323994252073031e-01,1.451987811155247554e-01,1.411602092152484944e-01,1.360522772894337540e-01,1.299215409564722368e-01,1.228377227464409333e-01,1.148881323358995343e-01,1.061726896328488295e-01,9.679950335414055917e-02,8.688098527528448356e-02,7.653049023012477303e-02,6.585947185659987713e-02,5.497513884117240929e-02,4.397858905541875141e-02,3.296339140506036880e-02,2.201457856084771195e-02,1.120800862684147303e-02,6.100504820309016326e-04,-9.722453978497113888e-03,-1.974199731764893218e-02,-2.941009305714883254e-02,-3.869657493874367749e-02,-4.757912132991413273e-02,-5.604254460915759212e-02,-6.407803845222666272e-02,-7.168242894400696230e-02,-7.885743239825081241e-02
0.000000000000000000e+00,0.000000000000000000e+00,0.000000000000000000e+00,0.000000000000000000e+00,0.000000000000000000e+00,0.000000000000000000e+00,0.000000000000000000e+00,0.000000000000000000e+00,-1.145995792293679427e+00,-1.550075229201847427e-01,-7.657463922875314966e-01,-6.367125550267463963e-01,-4.999626923339034468e-01,-4.052707662694870483e-01,-3.354581061654159369e-01,-2.845098281313098165e-01,-2.460669557755258141e-01,-2.169423178157781906e-01,-2.001756505554653787e-01,-2.230306714348877228e-01,-3.039226272515800908e-01,4.014567923622031770e-02,-4.379426816330567185e-02,-1.634173238803515449e-01,1.500283764075621695e-01,1.459555360583092987e-01,1.407772588240842337e-01,1.345394684824603448e-01,1.273124351398405574e-01,1.191849819867285970e-01,1.102593140224026602e-01,1.006464186566629754e-01,9.046201759049227187e-02,7.982306021607368796e-02,6.884474901064284447e-02,5.763808209891483486e-02,4.630789054020671008e-02,3.495133997245435803e-02,2.365685922611544811e-02,1.250345306796351794e-02,1.560352632719354217e-03,-9.113044621314767696e-03,-1.946699357543683895e-02,-2.946102793073589188e-02,-3.906350535830051263e-02,-4.825073287091895952e-02,-5.700650222117735477e-02,-6.532124872052337550e-02,-7.319127892737753438e-02,-8.061800369128345467e-02
0.000000000000000000e+00,0.000000000000000000e+00,0.000000000000000000e+00,0.000000000000000000e+00,0.000000000000000000e+00,0.000000000000000000e+00,0.000000000000000000e+00,0.000000000000000000e+00,-1.213316479180842400e+00,-6.346015297553027068e-01,-7.650882946410008101e-01,-6.750444486989115589e-01,-5.263937580272608496e-01,-4.251341827156883135e-01,-3.511449055243156536e-01,-2.971893025550769729e-01,-2.566630572732450655e-01,-2.259307755304253706e-01,-2.067135264466257449e-01,-2.262350971434772540e-01,-3.040816930553150721e-01,4.692887909854589340e-02,-3.707148571748754978e-02,-1.569392067112749811e-01,1.549334361084196421e-01,1.508305433135015972e-01,1.455856183845169183e-01,1.392438176029555386e-01,1.318758598522856151e-01,1.235720168979794059e-01,1.144367444649200677e-01,1.045839013495484943e-01,9.413253526684617345e-02,8.320322592338515177e-02,7.191497636165540552e-02,6.038263826176390459e-02,4.871484899912167932e-02,3.701244996840290236e-02,2.536734828045671825e-02,1.386177813001918634e-02,2.567914231386417973e-03,-8.452212229314588765e-03,-1.914654480613373413e-02,-2.947262840198480380e-02,-3.939710039177193174e-02,-4.889502893740146905e-02,-5.794907243549628911e-02,-6.654886642824102416e-02,-7.469016324072892676e-02,-8.237403994326310264e-02
0.000000000000000000e+00,0.000000000000000000e+00,0.000000000000000000e+00,0.000000000000000000e+00,0.000000000000000000e+00,0.000000000000000000e+00,0.000000000000000000e+00,0.000000000000000000e+00,-1.278283670951806839e+00,-8.306065322937233875e-01,7.265293740038533542e+03,-7.150084233648510423e-01,-5.545945554589120086e-01,-4.459654903595512421e-01,-3.674759712159424430e-01,-3.103236313551748782e-01,-2.676197213410496101e-01,-2.352097971959168088e-01,-2.136415290231737929e-01,-2.297177695176652601e-01,-3.043733269840948608e-01,5.386822099560810428e-02,-3.014798955383643161e-02,-1.502051583079548058e-01,1.599132555885161289e-01,1.557846692169751190e-01,1.504769625051120829e-01,1.440343686211244534e-01,1.365279527221462397e-01,1.280493664900926309e-01,1.187052785308244235e-01,1.086124086397854266e-01,9.789314404101591427e-02,8.667172844878964777e-02,7.507101567291560307e-02,6.320977406348503302e-02,5.120051992311296096e-02,3.914784934689441442e-02,2.714723014537099438e-02,1.528420932350001323e-02,3.633987372443155724e-03,-7.738691559599415216e-03,-1.877938484456280130e-02,-2.944358176599945823e-02,-3.969616628138302600e-02,-4.951080057590286077e-02,-5.886908108800190803e-02,-6.775975787191078348e-02,-7.617799312894134312e-02,-8.412450074104298181e-02
0.000000000000000000e+00,0.000000000000000000e+00,0.000000000000000000e+00,0.000000000000000000e+00,0.000000000000000000e+00,0.000000000000000000e+00,0.000000000000000000e+00,0.000000000000000000e+00,-1.342364628249903324e+00,-9.449738101442730631e-01,1.765798838643287638e+01,-7.513118020598161806e-01,-5.848498285578712652e-01,-4.678665630598357605e-01,-3.844979847217384061e-01,-3.239314834024589196e-01,-2.789496054286937365e-01,-2.447886356853519463e-01,-2.209753394759184086e-01,-2.334964127103194287e-01,-3.048185527543773032e-01,6.095839345531139236e-02,-2.302944835800565040e-02,-1.432223283239375533e-01,-3.120845489163064368e-01,1.608173108014587238e-01,1.554508582550361839e-01,1.489108639220047270e-01,1.412686332821733171e-01,1.326171256855276648e-01,1.230651813454193416e-01,1.127323675873444092e-01,1.017444220153089218e-01,9.022928393356649535e-02,7.831370654051406088e-02,6.612043690909524818e-02,5.376594230584333389e-02,4.135865233692415099e-02,2.899767818504776773e-02,1.677196362694374082e-02,4.759817971754448131e-03,-6.971221388037724884e-03,-1.836424959232715870e-02,-2.937262961331481292e-02,-3.995945107511620492e-02,-5.009685766254731720e-02,-5.976535040632215828e-02,-6.895278483267759662e-02,-7.765367459509646408e-02,-8.586833986897554616e-02
0.000000000000000000e+00,0.000000000000000000e+00,0.000000000000000000e+00,0.000000000000000000e+00,0.000000000000000000e+00,0.000000000000000000e+00,0.000000000000000000e+00,0.000000000000000000e+00,0.000000000000000000e+00,-1.028774719411941652e+00,1.520639141079190182e+00,-7.657564037663689982e-01,-6.174549601640451080e-01,-4.909631896847493349e-01,-4.022538723312286679e-01,-3.380335906065850549e-01,-2.906663565554180040e-01,-2.546770959430843528e-01,-2.287310092097731007e-01,-2.375886150911589167e-01,-3.054382561114752925e-01,6.819393317715427560e-02,-1.572160440815120394e-02,-1.359979010240854325e-01,-3.051353059848458393e-01,1.659278341592572148e-01,1.605068322951988258e-01,1.538730072218212064e-01,1.460977841187950377e-01,1.372753543278791011e-01,1.275166850383182560e-01,1.169441745688605955e-01,1.056869191282754222e-01,9.387658303924735492e-02,8.164386587574348764e-02,6.911555436738910096e-02,5.641213815067644410e-02,4.364595896841481915e-02,3.091985425538347140e-02,1.832624906263391473e-02,5.946645371834449051e-03,-6.148544872550816900e-03,-1.789987734839133468e-02,-2.925851674276675266e-02,-4.018569247996560401e-02,-5.065201553729233724e-02,-6.063669921120005274e-02,-7.012680474869319169e-02,-7.911610854585612862e-02,-8.760450542944014929e-02
0.000000000000000000e+00,0.000000000000000000e+00,0.000000000000000000e+00,0.000000000000000000e+00,0.000000000000000000e+00,0.000000000000000000e+00,0.000000000000000000e+00,0.000000000000000000e+00,0.000000000000000000e+00,-1.099126542065769874e+00,-1.430592960329776508e-01,-7.398969923248808200e-01,-6.525014097972737792e-01,-5.154186779591379830e-01,-4.208035393337498098e-01,-3.526508218032044506e-01,-3.027848000610807166e-01,-2.648856159754317541e-01,-2.369242941594649488e-01,-2.420118420169364015e-01,-3.062531685790811364e-01,-4.502869073942117328e-01,-8.230278027356012147e-03,-1.285390923792925910e-01,-2.978801161354330262e-01,1.711155484104482649e-01,1.656443698306361845e-01,1.589204627474681830e-01,1.510152501843211037e-01,1.420240765688526030e-01,1.320599881706151224e-01,1.212481947255428794e-01,1.097211566136942623e-01,9.761429041435826237e-02,8.506228738011376023e-02,7.219603365701013353e-02,5.914011197168475564e-02,4.601085459237130165e-02,3.291490824731323900e-02,1.994826426660510979e-02,7.195701941358450052e-03,-5.269409922076993824e-03,-1.738500914527075711e-02,-2.909998888353300395e-02,-4.037365116136174686e-02,-5.117501369215694124e-02,-6.148201376592687950e-02,-7.128067089206102658e-02,-8.056419094108922818e-02,-8.933193996729191233e-02
0.000000000000000000e+00,0.000000000000000000e+00,0.000000000000000000e+00,0.000000000000000000e+00,0.000000000000000000e+00,0.000000000000000000e+00,0.000000000000000000e+00,0.000000000000000000e+00,0.000000000000000000e+00,-1.163040121375418678e+00,-5.921479685569480678e-01,8.014442690027741430e+29,-6.895923135222848943e-01,-5.414325465730430720e-01,-4.402150848080634282e-01,-3.678097603721011688e-01,-3.153211754095813224e-01,-2.754253689511124148e-01,-2.455714465032300953e-01,-2.467834560499962693e-01,-3.072838551935367923e-01,-4.479515442802327607e-01,-5.613734877433054814e-04,-1.208531489180968976e-01,-2.903285997008048236e-01,1.763797113090173063e-01,1.708629196356352686e-01,1.640528543374870085e-01,1.560208380561227681e-01,1.468632802190316944e-01,1.366952551369419733e-01,1.256447613932852314e-01,1.138476264465621418e-01,1.014430441511806474e-01,8.856974101228073937e-02,7.536276112555334583e-02,6.195085028830483315e-02,4.845440939499753158e-02,3.498397762422964657e-02,2.163919805281006373e-02,8.508212668853773822e-03,-4.332569571300122317e-03,-1.681838909091499384e-02,-2.889579300363915790e-02,-4.052208740417994476e-02,-5.166463483144188851e-02,-6.230004235696008641e-02,-7.241328043964467831e-02,-8.199681294780220009e-02,-9.104958059829304506e-02
0.000000000000000000e+00,0.000000000000000000e+00,0.000000000000000000e+00,0.000000000000000000e+00,0.000000000000000000e+00,0.000000000000000000e+00,0.000000000000000000e+00,0.000000000000000000e+00,0.000000000000000000e+00,-1.223786979701055433e+00,-7.874937373972812349e-01,5.396579548038571374e+02,-7.259542378276778729e-01,-5.692441348872241402e-01,-4.605486554965808055e-01,-3.835415325591715607e-01,-3.282934319523629907e-01,-2.863083882236279187e-01,-2.546891158553254431e-01,-2.519210825108863516e-01,-3.085507066151126909e-01,-4.456814039246232984e-01,7.279113598946283445e-03,-1.129473483532526940e-01,-2.824903992822928034e-01,1.817195409514471005e-01,1.761618895028771448e-01,1.692697644548533109e-01,1.611143151362805781e-01,1.517929160579546688e-01,1.414226155393369655e-01,1.301341755128236632e-01,1.180667907745034245e-01,1.053634552314439282e-01,9.216697244609928230e-02,7.861660172112479306e-02,6.484532111323720871e-02,5.097767790547869105e-02,3.712818695329918317e-02,2.340022897127864293e-02,9.885394750450913690e-03,-3.336782361258479237e-03,-1.619876471637100163e-02,-2.864467762410995502e-02,-4.062976139349212812e-02,-5.211966012286091410e-02,-6.308959439227294907e-02,-7.352345959381216545e-02,-8.341288591191524382e-02,-9.275635914158182616e-02
0.000000000000000000e+00,0.000000000000000000e+00,0.000000000000000000e+00,0.000000000000000000e+00,0.000000000000000000e+00,0.000000000000000000e+00,0.000000000000000000e+00,0.000000000000000000e+00,0.000000000000000000e+00,-1.283043521046780988e+00,-9.025965969592637528e-01,1.035968016845652606e+01,-7.518741896535958702e-01,-5.991134623124222403e-01,-4.819393735109053223e-01,-3.998810129989084916e-01,-3.417212611531929567e-01,-2.975477209877496199e-01,-2.642426218912443669e-01,-2.574416853099772973e-01,-3.100739360924295029e-01,-4.435007830064081058e-01,1.528508735367635311e-02,-1.048290020099309633e-01,-2.743751733325940911e-01,1.871342061138092372e-01,1.815406199281801303e-01,1.745707337574941564e-01,1.662954087844253914e-01,1.568128970985323278e-01,1.462421635294121613e-01,1.347167050174845337e-01,1.223790813329148491e-01,1.093761069597350838e-01,9.585470251894127880e-02,8.195839845575933480e-02,6.782447343314043642e-02,5.358169849710898991e-02,3.934864743041340679e-02,2.523252486007685966e-02,1.132845717155072859e-02,-2.280812725940766818e-03,-1.552488732933011116e-02,-2.834539313885899026e-02,-4.069543350086549799e-02,-5.253886945091289923e-02,-6.384947745126898222e-02,-7.461002738922650757e-02,-8.481131833835441058e-02,-9.445120366303647041e-02
0.000000000000000000e+00,0.000000000000000000e+00,0.000000000000000000e+00,0.000000000000000000e+00,0.000000000000000000e+00,0.000000000000000000e+00,0.000000000000000000e+00,0.000000000000000000e+00,0.000000000000000000e+00,-1.341721509022390402e+00,-9.858817771342127667e-01,1.230710865528249487e+00,-7.440919297328191240e-01,-6.311353127335227464e-01,-5.045218111006142259e-01,-4.168691794965642128e-01,-3.556237620097985608e-01,-3.091576178324932367e-01,-2.740998024591667082e-01,-2.633625375096508847e-01,-3.118735818589588593e-01,-4.414338343928296271e-01,2.345034109618625295e-02,-9.650545909365371156e-02,-2.659925918447955118e-01,1.926228239647528040e-01,1.869984174714235670e-01,1.799552787876185223e-01,1.715638053756927406e-01,1.619230978002917098e-01,1.511539571150721517e-01,1.393925841958915668e-01,1.267848988419513767e-01,1.134815543832637247e-01,9.963362666930755673e-02,8.538897185997804118e-02,7.088923668161759006e-02,5.626749288138267746e-02,4.164645639850500514e-02,2.713724239087673268e-02,1.283860028224278332e-02,-1.163431385009600083e-03,-1.479551237366043964e-02,-2.799669214040851825e-02,-4.071786457629534423e-02,-5.292104167565502004e-02,-6.457849679856263181e-02,-7.567182256188648148e-02,-8.619094238981676870e-02,-9.613310866844497482e-02
0.000000000000000000e+00,0.000000000000000000e+00,0.000000000000000000e+00,0.000000000000000000e+00,0.000000000000000000e+00,0.000000000000000000e+00,0.000000000000000000e+00,0.000000000000000000e+00,0.000000000000000000e+00,-1.400348991735063997e+00,-1.054488869663799955e+00,-1.317864085631421656e-01,-7.286926162412177277e-01,-6.651601260584243391e-01,-5.284612343913992483e-01,-4.345546980392240299e-01,-3.700291822159182398e-01,-3.211537674440952395e-01,-2.842626482521945497e-01,-2.697009984261311000e-01,-3.139700060243907909e-01,-4.395045498795002725e-01,3.176854511328057462e-02,-8.798411284862410475e-02,-2.573523341899498496e-01,1.981844574902145717e-01,1.925345399374562838e-01,1.854228324933436534e-01,1.769191492748472538e-01,1.671233532253593446e-01,1.561580174275329080e-01,1.441620130266649813e-01,1.312846123832753786e-01,1.176803236965492522e-01,1.035044143626931284e-01,8.890911942774694376e-02,7.404052020394734368e-02,5.903606559467052678e-02,4.402269685894454748e-02,2.911552660789809219e-02,1.441701536630373912e-02,1.658425721973763494e-05,-1.400939979504635738e-02,-2.759732975153467160e-02,-4.069581624586302016e-02,-5.326495489695877439e-02,-6.527545561593486867e-02,-7.670768064773694772e-02,-8.755063194605949839e-02,-9.780092222922985579e-02
0.000000000000000000e+00,0.000000000000000000e+00,0.000000000000000000e+00,0.000000000000000000e+00,0.000000000000000000e+00,0.000000000000000000e+00,0.000000000000000000e+00,0.000000000000000000e+00,0.000000000000000000e+00,-1.459233151987629373e+00,-1.115723937449717429e+00,-5.530881358954187199e-01,2.681548657489905879e+07,-6.997895827791645873e-01,-5.539548494378481180e-01,-4.531194880037889283e-01,-3.849667464704858988e-01,-3.335535882624545145e-01,-2.947427251581693497e-01,-2.764745912826293561e-01,-3.163824954384129584e-01,-4.377367469968039271e-01,4.023323261126620504e-02,-7.927240867300854033e-02,-2.484640891562516773e-01,2.038181125926901149e-01,1.981481943666572321e-01,1.909728000164264972e-01,1.823610581795395424e-01,1.724134581304279101e-01,1.612543279440075417e-01,1.490251564818800278e-01,1.358785587542966633e-01,1.219729116293573334e-01,1.074677085045293162e-01,9.251961505099469407e-02,7.727921271295448702e-02,6.188840347701542177e-02,4.647843697567699550e-02,3.116851045998429368e-02,1.606488420358264876e-02,1.260449706386887209e-03,-1.316531441285405390e-02,-2.714606396295353094e-02,-4.062805121521175650e-02,-5.356938672433533832e-02,-6.593915523957658009e-02,-7.771643418882219490e-02,-8.888925694061472482e-02,-9.945355663406744984e-02
0.000000000000000000e+00,0.000000000000000000e+00,0.000000000000000000e+00,0.000000000000000000e+00,0.000000000000000000e+00,0.000000000000000000e+00,0.000000000000000000e+00,0.000000000000000000e+00,0.000000000000000000e+00,-1.518562324179214329e+00,-1.173098345126694531e+00,-7.466019527172961245e-01,1.284971802544216075e+02,-7.298958004562609014e-01,-5.812236735355007511e-01,-4.729074762652777930e-01,-4.004703964685424333e-01,-3.463744590427481063e-01,-3.055526349422401089e-01,-2.837011052212565221e-01,-3.191306444989334690e-01,-4.361540602791403320e-01,4.883778370272239683e-02,-7.037785427578621689e-02,-2.393375572552015607e-01,2.095227348229006248e-01,2.038385347884570931e-01,1.966045384603921642e-01,1.878890799604804318e-01,1.777931659871951342e-01,1.664428336609252712e-01,1.539821437957151762e-01,1.405670417973710062e-01,1.263597848161426285e-01,1.115241248389386430e-01,9.622120844276650653e-02,8.060618173534575548e-02,6.482547514256849219e-02,4.901472957173473588e-02,3.329731432552882064e-02,1.778337862557114249e-02,2.569372966117217799e-03,-1.226202629836484898e-02,-2.664165597715207126e-02,-4.051333357894081749e-02,-5.383311455242702215e-02,-6.656839540271117239e-02,-7.869691294450457952e-02,-9.020568354240018905e-02,-1.010899196098301867e-01
