nan,1.250000000000000278e-01,1.607142857142857262e-01,1.964285714285714524e-01,2.321428571428571508e-01,2.678571428571428492e-01,3.035714285714286031e-01,3.392857142857143016e-01,3.750000000000000000e-01,4.107142857142857539e-01,4.464285714285714524e-01,4.821428571428570953e-01,5.178571428571429047e-01,5.535714285714286031e-01,5.892857142857143016e-01,6.250000000000000000e-01,6.607142857142856984e-01,6.964285714285713969e-01,7.321428571428570953e-01,7.678571428571429047e-01,8.035714285714284921e-01,8.392857142857141906e-01,8.750000000000000000e-01,9.107142857142856984e-01,9.464285714285713969e-01,9.821428571428572063e-01,1.017857142857142794e+00,1.053571428571428603e+00,1.089285714285714191e+00,1.125000000000000000e+00,1.160714285714285809e+00,1.196428571428571397e+00,1.232142857142857206e+00,1.267857142857142794e+00,1.303571428571428381e+00,1.339285714285714191e+00,1.374999999999999778e+00,1.410714285714285809e+00,1.446428571428571397e+00,1.482142857142857206e+00,1.517857142857142794e+00,1.553571428571428381e+00,1.589285714285714191e+00,1.625000000000000000e+00,1.660714285714285809e+00,1.696428571428571397e+00,1.732142857142856984e+00,1.767857142857142794e+00,1.803571428571428381e+00,1.839285714285714413e+00,1.875000000000000000e+00
2.500000000000000000e+04,1.902798931838804553e+00,2.583148301686124526e+00,3.257197012990300067e+00,3.935516112568236746e+00,4.622481256808907091e+00,5.320066254975873044e+00,6.029265561553662778e+00,6.750628438417010102e+00,7.484481165337000697e+00,8.231029123732742647e+00,8.990407789979229847e+00,9.762710032824704953e+00,1.054800158958887124e+01,1.134633027294535523e+01,1.215773167613067685e+01,1.298223283414614393e+01,1.381985464548732878e+01,1.467061351695467408e+01,1.553452250712362037e+01,1.641159213788729687e+01,1.730183098115522000e+01,1.820524609009570938e+01,1.912184332089612937e+01,2.005162757612184876e+01,2.099460299107204264e+01,2.195077307811250122e+01,2.292014083963207582e+01,2.390270885729710670e+01,2.489847936320608923e+01,2.590745429708448100e+01,2.692963535261195673e+01,2.796502401521593129e+01,2.901362159310958333e+01,3.007542924294227760e+01,3.115044799112185459e+01,3.223867875163712426e+01,3.334012234103307293e+01,3.445477949105514170e+01,3.558265085937508587e+01,3.672373703872955275e+01,3.787803856473866659e+01,3.904555592262229169e+01,4.022628955298991116e+01,4.142023985685072773e+01,4.262740719996407535e+01,4.384779191662805431e+01,4.508139431299046151e+01,4.632821466994987247e+01,4.758825324570576498e+01,4.886151027800526947e+01
2.602040816326530694e+04,2.038382725695429443e+00,2.778202141547973625e+00,3.508467008216182403e+00,4.241603617141916693e+00,4.982931148055740778e+00,5.734861219243133412e+00,6.498607320855986025e+00,7.274837884358228202e+00,8.063948850637203236e+00,8.866188792843967548e+00,9.681721292391674893e+00,1.051065825165885670e+01,1.135307873669646206e+01,1.220904016226692157e+01,1.307858520900774124e+01,1.396174625425723548e+01,1.485854829798629240e+01,1.576901094705807260e+01,1.669314979278977162e+01,1.763097738741164378e+01,1.858250394918414372e+01,1.954773788013880420e+01,2.052668615200541780e+01,2.151935459784383653e+01,2.252574813518253549e+01,2.354587093870813419e+01,2.457972657531965055e+01,2.562731811077264865e+01,2.668864819464606697e+01,2.776371912859991298e+01,2.885253292163347183e+01,2.995509133514226363e+01,3.107139591990343419e+01,3.220144804662760407e+01,3.334524893134480550e+01,3.450279965661516002e+01,3.567410118934443375e+01,3.685915439582077369e+01,3.805796005446620001e+01,3.927051886669717362e+01,4.049683146621382690e+01,4.173689842697690011e+01,4.299072027008261188e+01,4.425829746971075451e+01,4.553963045828670175e+01,4.683471963097731106e+01,4.814356534961802936e+01,4.946616794615378154e+01,5.080252772566225161e+01,5.215264496901771452e+01
2.704081632653061388e+04,2.176003430111038472e+00,2.978362394863253382e+00,3.767556170522049719e+00,4.557918970377857093e+00,5.355849865508295338e+00,6.164272051405684572e+00,6.984655917412907478e+00,7.817809543043154008e+00,8.664210322390394126e+00,9.524157206918765439e+00,1.039784648061001526e+01,1.128541214384888747e+01,1.218694870614950254e+01,1.310252468766781497e+01,1.403219095270581640e+01,1.497598603825106167e+01,1.593393966698540609e+01,1.690607512613961561e+01,1.789241091676326434e+01,1.889296192133273067e+01,1.990774024594555414e+01,2.093675583806947671e+01,2.198001694657616056e+01,2.303753046906627944e+01,2.410930221740461121e+01,2.519533712306556694e+01,2.629563939761310465e+01,2.741021265934009676e+01,2.853906003410354586e+01,2.968218423628414016e+01,3.083958763429235361e+01,3.201127230395405832e+01,3.319724007231253893e+01,3.439749255379444293e+01,3.561203118024820213e+01,3.684085722603241209e+01,3.808397182907934564e+01,3.934137600866785789e+01,4.061307068048965618e+01,4.189905666947681340e+01,4.319933472077111958e+01,4.451390550913931321e+01,4.584276964708745794e+01,4.718592769187726077e+01,4.854338015161560804e+01,4.991512749055581821e+01,5.130117013372703383e+01,5.270150847099086633e+01,5.411614286060313361e+01,5.554507363235271811e+01
2.806122448979591718e+04,2.315334217284082730e+00,3.183307311645983351e+00,4.034218080664928152e+00,4.884269661810415109e+00,5.741079630356675345e+00,6.608164032431965929e+00,7.487292673391541697e+00,8.379436386410535675e+00,9.285167326669158783e+00,1.020484292292932160e+01,1.113869733279680041e+01,1.208689009407810744e+01,1.304953352842139225e+01,1.402670894193213691e+01,1.501847660589068312e+01,1.602488212745435447e+01,1.704596064304466552e+01,1.808173965377811143e+01,1.913224098865689982e+01,2.019748219271971479e+01,2.127747752719067975e+01,2.237223870233265188e+01,2.348177542268052065e+01,2.460609579833143457e+01,2.574520665912733364e+01,2.689911379743826103e+01,2.806782215776754086e+01,2.925133598627746423e+01,3.044965894977496745e+01,3.166279423118967529e+01,3.289074460678571654e+01,3.413351250905606094e+01,3.539110007830161919e+01,3.666350920519958834e+01,3.795074156614487748e+01,3.925279865275525992e+01,4.056968179663510199e+01,4.190139219026118411e+01,4.324793090468322276e+01,4.460929890458916702e+01,4.598549706118304670e+01,4.737652616323713772e+01,4.878238692661231113e+01,5.020308000248943614e+01,5.163860598451091022e+01,5.308896541499619559e+01,5.455415879036932836e+01,5.603418656591188096e+01,5.752904915993779156e+01,5.903874695746913659e+01
2.908163265306122412e+04,2.456070152012785890e+00,3.392703232660347012e+00,4.308192308600123255e+00,5.220452290095587422e+00,6.138454457616538740e+00,7.066396111983446637e+00,8.006393873964716690e+00,8.959607265261672282e+00,9.926718156742177612e+00,1.090815154730120007e+01,1.190418526403023947e+01,1.291500822974699325e+01,1.394075322287237917e+01,1.498151620832450348e+01,1.603736822528242456e+01,1.710836296237657805e+01,1.819454173613929626e+01,1.929593685244720902e+01,2.041257393085090754e+01,2.154447354609956733e+01,2.269165240953232399e+01,2.385412423385221814e+01,2.503190037590168515e+01,2.622499032111076644e+01,2.743340205326661874e+01,2.865714234003769434e+01,2.989621695580319383e+01,3.115063085726567138e+01,3.242038832311094865e+01,3.370549306601211015e+01,3.500594832315787386e+01,3.632175692995681260e+01,3.765292138045324322e+01,3.899944387716686833e+01,4.036132637245290056e+01,4.173857060301929067e+01,4.313117811888496789e+01,4.453915030779641171e+01,4.596248841591155099e+01,4.740119356539980089e+01,4.885526676948185809e+01,5.032470894533303607e+01,5.180952092519564189e+01,5.330970346598457610e+01,5.482525725761764335e+01,5.635618293026597314e+01,5.790248106068180789e+01,5.946415217773951412e+01,6.104119676730221045e+01,6.263361527650442895e+01
3.010204081632653106e+04,2.597934023498736700e+00,3.606207232981918587e+00,4.589204517458687071e+00,5.566252234206138461e+00,6.547799832749280569e+00,7.538820650996440165e+00,8.541830569168253007e+00,9.558206755907384888e+00,1.058875753250023166e+01,1.163398563941413855e+01,1.269421904774369914e+01,1.376968035601327500e+01,1.486052574328261500e+01,1.596686791435314490e+01,1.708879018597212607e+01,1.822635544831761933e+01,1.937961204559298523e+01,2.054859774102515146e+01,2.173334245498990214e+01,2.293387019647274983e+01,2.415020045160204987e+01,2.538234919902320286e+01,2.663032966390947465e+01,2.789415288575590779e+01,2.917382815141792918e+01,3.046936332924176583e+01,3.178076512964637956e+01,3.310803931035660241e+01,3.445119083952104688e+01,3.581022402645479730e+01,3.718514262725732067e+01,3.857594993075953482e+01,3.998264882894183359e+01,4.140524187499902098e+01,4.284373133150700141e+01,4.429811921060350244e+01,4.576840730768596899e+01,4.725459722981361921e+01,4.875669041975996976e+01,5.027468817647253019e+01,5.180859167255077580e+01,5.335840196923712142e+01,5.492412002932371706e+01,5.650574672830533984e+01,5.810328286405096065e+01,5.971672916521688990e+01,6.134608629859001638e+01,6.299135487551602353e+01,6.465253545754180209e+01,6.632962856138397001e+01
3.112244897959183800e+04,2.740680744661305290e+00,3.823470326292241595e+00,4.876966782436787717e+00,5.921443378034256355e+00,6.968932398310047738e+00,8.025283163339436143e+00,9.093468372463179961e+00,1.017511500343409381e+01,1.127117647696358205e+01,1.238224461270714016e+01,1.350870473522610027e+01,1.465081788926295125e+01,1.580876692210880741e+01,1.698268358448636661e+01,1.817266514087300422e+01,1.937878492025368971e+01,2.060109922940397453e+01,2.183965200778945359e+01,2.309447803804008714e+01,2.436560520795051588e+01,2.565305613487988623e+01,2.695684935241871116e+01,2.827700019078619320e+01,2.961352143922957936e+01,3.096642385081446847e+01,3.233571653163019732e+01,3.372140724411553236e+01,3.512350264580246773e+01,3.654200847895463511e+01,3.797692972248104581e+01,3.942827071459199573e+01,4.089603525256084282e+01,4.238022667442300673e+01,4.388084792631296693e+01,4.539790161829863280e+01,4.693139007094113424e+01,4.848131535432704453e+01,5.004767932095509764e+01,5.163048363357751924e+01,5.322972978887428752e+01,5.484541913767192511e+01,5.647755290227939184e+01,5.812613219140997245e+01,5.979115801307278844e+01,6.147263128574719104e+01,6.317055284810349747e+01,6.488492346748354578e+01,6.661574384732335830e+01,6.836301463366797293e+01,7.012673642090493331e+01
3.214285714285714494e+04,2.884100033823004505e+00,4.044141170001424257e+00,5.171178155935351128e+00,6.285787901902526897e+00,7.401659655383662439e+00,8.525622058282614546e+00,9.661167256673657278e+00,1.081020756185847098e+01,1.197386218997962004e+01,1.315282463342903085e+01,1.434754557319533852e+01,1.555832978901194785e+01,1.678539041345884897e+01,1.802888079181529690e+01,1.928891397929875851e+01,2.056557510699417080e+01,2.185892947295745969e+01,2.316902798289112653e+01,2.449591089790161647e+01,2.583961047200950389e+01,2.720015284419257640e+01,2.857755941920823872e+01,2.997184789109956071e+01,3.138303301261412059e+01,3.281112718108801118e+01,3.425614088984492867e+01,3.571808307975142327e+01,3.719696141574526393e+01,3.869278250635502303e+01,4.020555207945251652e+01,4.173527512408131201e+01,4.328195600575552504e+01,4.484559856083871665e+01,4.642620617429723495e+01,4.802378184414545359e+01,4.963832823516389681e+01,5.126984772391698897e+01,5.291834243666838233e+01,5.458381428146888936e+01,5.626626497543369965e+01,5.796569606803029728e+01,5.968210896104021401e+01,6.141550492573728093e+01,6.316588511772263104e+01,6.493325058978327036e+01,6.671760230307198469e+01,6.851894113686151400e+01,7.033726789707779403e+01,7.217258332378970920e+01,7.402488809779822532e+01
3.316326530612244824e+04,3.028017301034646280e+00,4.267870166481289473e+00,5.471525507461899807e+00,6.659036155688090375e+00,7.845779685222768585e+00,9.039668385794971783e+00,1.024478134809215035e+01,1.146335523149576652e+01,1.269669791924655478e+01,1.394561851708999711e+01,1.521064191946466515e+01,1.649212248824237292e+01,1.779030763478167287e+01,1.910537510865715305e+01,2.043745578466250024e+01,2.178664809460338603e+01,2.315302745711862897e+01,2.453665261030333156e+01,2.593756996857162278e+01,2.735581668535978039e+01,2.879142284787700845e+01,3.024441307728416817e+01,3.171480771372017315e+01,3.320262370639477467e+01,3.470787529083118983e+01,3.623057451027359832e+01,3.777073162148932539e+01,3.932835541376496025e+01,4.090345346198726872e+01,4.249603232915310969e+01,4.410609772970482823e+01,4.573365466224755949e+01,4.737870751813548509e+01,4.904126017089119216e+01,5.072131605028857138e+01,5.241887820408110343e+01,5.413394934971218930e+01,5.586653191785287476e+01,5.761662808923471601e+01,5.938423982595130468e+01,6.116936889817295508e+01,6.297201690704063992e+01,6.479218530436025958e+01,6.662987540960735089e+01,6.848508842466168289e+01,7.035782544661634574e+01,7.224808747894904570e+01,7.415587544129473940e+01,7.608119017801963935e+01,7.802403246576444928e+01
3.418367346938775154e+04,3.172292863514042160e+00,4.494313812486049109e+00,5.777684661643013975e+00,7.040926629252346913e+00,8.301080897176261075e+00,9.567245586985103856e+00,1.084415871967546963e+01,1.213442389392761100e+01,1.343956282882896502e+01,1.476051562268449757e+01,1.609789115673002158e+01,1.745209982218217704e+01,1.882342770727225556e+01,2.021208005609547342e+01,2.161820779129121206e+01,2.304192428908136492e+01,2.448331632570084082e+01,2.594245141923900277e+01,2.741938287485335479e+01,2.891415332742209188e+01,3.042679727760530284e+01,3.195734293909362123e+01,3.350581360538095055e+01,3.507222867551593737e+01,3.665660443395844226e+01,3.825895465055448597e+01,3.987929104717199635e+01,4.151762366428484086e+01,4.317396115163712267e+01,4.484831100069694543e+01,4.654067973204574571e+01,4.825107304756540572e+01,4.997949595489679098e+01,5.172595286988473617e+01,5.349044770141792782e+01,5.527298392209190325e+01,5.707356462738272995e+01,5.889219258545062274e+01,6.072887027925977321e+01,6.258359994236136714e+01,6.445638358942426294e+01,6.634722304239059554e+01,6.825611995297076362e+01,7.018307582206067252e+01,7.212809201656251901e+01,7.409116978400386699e+01,7.607231026528511109e+01,7.807151450582772156e+01,8.008878346535367143e+01,8.212411802648671255e+01
3.520408163265306212e+04,3.316819773560259144e+00,4.723139113174804393e+00,6.089321849920197316e+00,7.431186036531763683e+00,8.767341809673595776e+00,1.010816925232278152e+01,1.145914118439922369e+01,1.282327434502220065e+01,1.420233186536356129e+01,1.559740174477360419e+01,1.700918760451597933e+01,1.843816295554229967e+01,1.988465739499481089e+01,2.134890705245475573e+01,2.283108534035127590e+01,2.433132237829889633e+01,2.584971765230395491e+01,2.738634849503331381e+01,2.894127590660718852e+01,3.051454863741055235e+01,3.210620610786813955e+01,3.371628053317252949e+01,3.534479849397533258e+01,3.699178211420769458e+01,3.865724995586376167e+01,4.034121770690099851e+01,4.204369871590139240e+01,4.376470441183261073e+01,4.550424463668052510e+01,4.726232791131962330e+01,4.903896164972901772e+01,5.083415233288214097e+01,5.264790565088770080e+01,5.448022661993883986e+01,5.633111967912417839e+01,5.820058877103112138e+01,6.008863740921746199e+01,6.199526873498020052e+01,6.392048556534906112e+01,6.586429043384663373e+01,6.782668562525590517e+01,6.980767320539587217e+01,7.180725504672371073e+01,7.382543285042777370e+01,7.586220816556135560e+01,7.791758240566929317e+01,7.999155686327989656e+01,8.208413272257948279e+01,8.419531107052495145e+01,8.632509290661846535e+01
3.622448979591836542e+04,3.461520635458905204e+00,4.954027854960481925e+00,6.406095481014273396e+00,7.829529529862801596e+00,9.244330871690955576e+00,1.066224689061720987e+01,1.208956408999403109e+01,1.352976212653271482e+01,1.498487562218974034e+01,1.645615900353280736e+01,1.794442242932767329e+01,1.945021030823090769e+01,2.097390104273056011e+01,2.251576536071025814e+01,2.407600183488252554e+01,2.565475929318279213e+01,2.725215140651852153e+01,2.886826644948649800e+01,3.050317399253956552e+01,3.215692959101748016e+01,3.382957813511298184e+01,3.552115628537895731e+01,3.723169427159260891e+01,3.896121724058030367e+01,4.070974627937375345e+01,4.247729920124387348e+01,4.426389115622810522e+01,4.606953511015595382e+01,4.789424222402227826e+01,4.973802215705098462e+01,5.160088331075188961e+01,5.348283302693740637e+01,5.538387774951117137e+01,5.730402315752457554e+01,5.924327427527683909e+01,6.120163556394638249e+01,6.317911099826616095e+01,6.517570413101289262e+01,6.719141814751006336e+01,6.922625591190177374e+01,7.128022000661063373e+01,7.335331276612197371e+01,7.544553630602283079e+01,7.755689254805633936e+01,7.968738324181316557e+01,8.183700998357591061e+01,8.400577423274259559e+01,8.619367732618381694e+01,8.840072049083127581e+01,9.062690485474621482e+01
3.724489795918367599e+04,3.606343811975684766e+00,5.186680527386891448e+00,6.727658222194456528e+00,8.235661060755003149e+00,9.731806332742269916e+00,1.122927771208069458e+01,1.273525611645406741e+01,1.425373735687943189e+01,1.578706020167875756e+01,1.733666573289238855e+01,1.890348355306765527e+01,2.048813747957109754e+01,2.209106051256051018e+01,2.371256203483483560e+01,2.535286869393936016e+01,2.701215016814854053e+01,2.869053591949243653e+01,3.038812639066320287e+01,3.210500067352624853e+01,3.384122187669646564e+01,3.559684095653452829e+01,3.737189949982332138e+01,3.916643177728730763e+01,4.098046628098514788e+01,4.281402689049344445e+01,4.466713376818950820e+01,4.653980405417664201e+01,4.843205241119125048e+01,5.034389145590262871e+01,5.227533210326947710e+01,5.422638384370760178e+01,5.619705496786281174e+01,5.818735275017562003e+01,6.019728359978205390e+01,6.222685318532850118e+01,6.427606653880843623e+01,6.634492814241967551e+01,6.843344200159143043e+01,7.054161170668287184e+01,7.266944048534945466e+01,7.481693124718199783e+01,7.698408662191633312e+01,7.917090899226836598e+01,8.137740052225345266e+01,8.360356318170113354e+01,8.584939876754609145e+01,8.811490892237897299e+01,9.040009515066084589e+01,9.270495883293631323e+01,9.502950123832830798e+01
3.826530612244897929e+04,3.751259388291694918e+00,5.420819700659221141e+00,7.053659368239226346e+00,8.649273902258494573e+00,1.022951616998056323e+01,1.180905242916761111e+01,1.339603907788662518e+01,1.499504456180672562e+01,1.660874707607811374e+01,1.823879636691918549e+01,1.988625555978829240e+01,2.155183717105492747e+01,2.323603511919702669e+01,2.493920186508785619e+01,2.666159530583883353e+01,2.840340830077755641e+01,3.016478784885613251e+01,3.194584789214484744e+01,3.374667807546627785e+01,3.556734987154091954e+01,3.740792094851378380e+01,3.926843833949226337e+01,4.114894077957993090e+01,4.304946045413892364e+01,4.497002432394295823e+01,4.691065514179277329e+01,4.887137224110504974e+01,5.085219215388398339e+01,5.285312909957060867e+01,5.487419537513563483e+01,5.691540166889994623e+01,5.897675731490789275e+01,6.105827050057230565e+01,6.315994843729652075e+01,6.528179750154377814e+01,6.742382335215162925e+01,6.958603102842644716e+01,7.176842503259064188e+01,7.397100939941586262e+01,7.619378775530590531e+01,7.843676336864601240e+01,8.069993919288798168e+01,8.298331790356404269e+01,8.528690193020331378e+01,8.761069348395247403e+01,8.995469458155812958e+01,9.231890706625929965e+01,9.470333262604290780e+01,9.710797280964413858e+01,9.953282904060799297e+01
3.928571428571428987e+04,3.896255192157497049e+00,5.656192701426921765e+00,7.383747458534837271e+00,9.070051346173361395e+00,1.073719808142587162e+01,1.240135307924218822e+01,1.407172773045965641e+01,1.575352250569871870e+01,1.744979294723418661e+01,1.916242132461333725e+01,2.089261960086410497e+01,2.264119910767434618e+01,2.440872156408360638e+01,2.619558732225377895e+01,2.800208898051806017e+01,2.982844511073892591e+01,3.167482214300505206e+01,3.354134896173238189e+01,3.542812688166399937e+01,3.733523661675499739e+01,3.926274324470362842e+01,4.121069980656404397e+01,4.317914995868789418e+01,4.516812995500991690e+01,4.717767014848376306e+01,4.920779614214229269e+01,5.125852968139755461e+01,5.332988935285950305e+01,5.542189113682288593e+01,5.753454884790502888e+01,5.966787448934784521e+01,6.182187854006679117e+01,6.399657018886288995e+01,6.619195752679239320e+01,6.840804770615282848e+01,7.064484707264543317e+01,7.290236127584567782e+01,7.518059536201917581e+01,7.747955385248707216e+01,7.979924081009635017e+01,8.213965989584846739e+01,8.450081441734296561e+01,8.688270737038446612e+01,8.928534147484936057e+01,9.170871920571765656e+01,9.415284282001114491e+01,9.661771438025456860e+01,9.910333577497189594e+01,1.016097087366464962e+02,1.041368348575015972e+02
4.030612244897959317e+04,4.041333084908764306e+00,5.892573480802806962e+00,7.717573086161953810e+00,9.497667585517305611e+00,1.125457955461313730e+01,1.300595287348505913e+01,1.476212958840095624e+01,1.652900402443590977e+01,1.831004960560602868e+01,2.010740689331936792e+01,2.192245329868208614e+01,2.375610995787770818e+01,2.560901386828552617e+01,2.748161850084074587e+01,2.937425490100408965e+01,3.128717009795516191e+01,3.322055200473673153e+01,3.517454600959682409e+01,3.714926630473579650e+01,3.914480379271392252e+01,4.116123171375787848e+01,4.319860972241277608e+01,4.525698688848300577e+01,4.733640393846375360e+01,4.943689495203194895e+01,5.155848866175688272e+01,5.370120945998865380e+01,5.586507818694271066e+01,5.805011275340703492e+01,6.025632863711828691e+01,6.248373928167999480e+01,6.473235641960459930e+01,6.700219033577451455e+01,6.929325008374357253e+01,7.160554366442842422e+01,7.393907817459655973e+01,7.629385993093603702e+01,7.866989457426235788e+01,8.106718715747149417e+01,8.348574222012003077e+01,8.592556385194322388e+01,8.838665574717734330e+01,9.086902125120163021e+01,9.337266340073713877e+01,9.589758495861603649e+01,9.844378844395758676e+01,1.010112761584436925e+02,1.036000502092687015e+02,1.062101125292439434e+02,1.088414648944611400e+02
4.132653061224489647e+04,4.186505655752810640e+00,6.129763628737520342e+00,8.054791827472769228e+00,9.931788788843817883e+00,1.178137802003168666e+01,1.362261607678837549e+01,1.546704475020613501e+01,1.732131586078032015e+01,1.918936378903733342e+01,2.107361511097978735e+01,2.297563064896449347e+01,2.489645325220957162e+01,2.683680330420085269e+01,2.879719306125316436e+01,3.077799607400252668e+01,3.277949080001379656e+01,3.480188885424285417e+01,3.684535381587582492e+01,3.891001405804018276e+01,4.099597169361161519e+01,4.310330893670138863e+01,4.523209270729949338e+01,4.738237801817440698e+01,4.955421050266718197e+01,5.174762832655741818e+01,5.396266365179172197e+01,5.619934376971712453e+01,5.845769198752601170e+01,6.073772832828809243e+01,6.303947008866816759e+01,6.536293228691741319e+01,6.770812802548265097e+01,7.007506878660444727e+01,7.246376467490009077e+01,7.487422461768660753e+01,7.730645653137983686e+01,7.976046746047971681e+01,8.223626369426472138e+01,8.473385086525284748e+01,8.725323403266445155e+01,8.979441775348564647e+01,9.235740614322591568e+01,9.494220292807113992e+01,9.754881148982049410e+01,1.001772349047445374e+02,1.028274759773013329e+02,1.054995372694883571e+02,1.081934211264723587e+02,1.109091296990393261e+02,1.136466649633118635e+02
4.234693877551020705e+04,4.331793381991742464e+00,6.367592549899235621e+00,8.395067208086214094e+00,1.037207436817856987e+01,1.231730109855726063e+01,1.425109792369925721e+01,1.618626573742023567e+01,1.813027850338720270e+01,2.008757704181084947e+01,2.206090364748962074e+01,2.405202192185450727e+01,2.606210930070072607e+01,2.809197832612585444e+01,3.014220617095503485e+01,3.221321327961227610e+01,3.430531274882760329e+01,3.641874229145561515e+01,3.855368549771515774e+01,4.071028632662846292e+01,4.288865920169358503e+01,4.508889618393948240e+01,4.731107215974765978e+01,4.955524865371487664e+01,5.182147667224749199e+01,5.410979885276688606e+01,5.642025110805212051e+01,5.875286389850884916e+01,6.110766322678318829e+01,6.348467142277700503e+01,6.588390776874227583e+01,6.830538900114389378e+01,7.074912971668146611e+01,7.321514270313006989e+01,7.570343921073015281e+01,7.821402917620973483e+01,8.074692140879854207e+01,8.330212374554091070e+01,8.587964318165377620e+01,8.847948598048057534e+01,9.110165776666822524e+01,9.374616360547658189e+01,9.641300807056717304e+01,9.910219530217700878e+01,1.018137290572287981e+02,1.045476127526522561e+02,1.073038495029645816e+02,1.100824421529772792e+02,1.128833933063515360e+02,1.157067053506036274e+02,1.185523804790630749e+02
4.336734693877551035e+04,4.477222265157934089e+00,6.605916870653540052e+00,8.738073612895876252e+00,1.081817843658279088e+01,1.286204695161098677e+01,1.489114457573763417e+01,1.691957734856640982e+01,1.895570603065752735e+01,2.100452557457090208e+01,2.306912568544324671e+01,2.515149356191379582e+01,2.725295510908602381e+01,2.937442449971516822e+01,3.151655044464508748e+01,3.367980502017697830e+01,3.586453942654779325e+01,3.807102005774997622e+01,4.029945247575443545e+01,4.254999773771515237e+01,4.482278376107254303e+01,4.711791339190413908e+01,4.943547023560125098e+01,5.177552293892756552e+01,5.413812838120630744e+01,5.652333408456907904e+01,5.893118005681389349e+01,6.136170021638680083e+01,6.381492350572935379e+01,6.629087476952034308e+01,6.878957545364021087e+01,7.131104416606265772e+01,7.385529713042107858e+01,7.642234855542665173e+01,7.901221093777607507e+01,8.162489531209094196e+01,8.426041145837335478e+01,8.691876807515949110e+01,8.959997292480150577e+01,9.230403295597007229e+01,9.503095440743253164e+01,9.778074289635949867e+01,1.005534034937836338e+02,1.033489407893358845e+02,1.061673589469963304e+02,1.090086617532785453e+02,1.118728526590189460e+02,1.147599348157392143e+02,1.176699111073852890e+02,1.206027841781148027e+02,1.235585564566947312e+02
4.438775510204081365e+04,4.622821917535105740e+00,6.844619188855938674e+00,9.083499044787648913e+00,1.126975144480902813e+01,1.341530474196920331e+01,1.554249312562039975e+01,1.766675653100130816e+01,1.979740596076583969e+01,2.194004012576482054e+01,2.409812980059997045e+01,2.627390808720041804e+01,2.846886429393867601e+01,3.068402443038431571e+01,3.292011588346874618e+01,3.517766746828579016e+01,3.745707222073642129e+01,3.975862799700434635e+01,4.208256444005760954e+01,4.442906133066716734e+01,4.679826135112648444e+01,4.919027913933572904e+01,5.160520782676383789e+01,5.404312383635336658e+01,5.650409045558577503e+01,5.898816053332088671e+01,6.149537854044908869e+01,6.402578216230725161e+01,6.657940354212415457e+01,6.915627026134983169e+01,7.175640611946482750e+01,7.437983175943922731e+01,7.702656517327756092e+01,7.969662211359037940e+01,8.239001643092549898e+01,8.510676035200110334e+01,8.784686471055887580e+01,9.061033913997732725e+01,9.339719223482663324e+01,9.620743168704738935e+01,9.904106440127975475e+01,1.018980965929695799e+02,1.047785338721773485e+02,1.076823813154589544e+02,1.106096435277525813e+02,1.135603246958543764e+02,1.165344286347847884e+02,1.195319588281245018e+02,1.225529184632148230e+02,1.255973104619687888e+02,1.286651375079165405e+02
4.540816326530612423e+04,4.768624052789178336e+00,7.083606304783232055e+00,9.431047640018288547e+00,1.172644197942923228e+01,1.397675521195420600e+01,1.620487165405093322e+01,1.842757227367482997e+01,2.065517910932198831e+01,2.289394582532199252e+01,2.514775984243210871e+01,2.741912398761594361e+01,2.970970699682139582e+01,3.202065769070807733e+01,3.435278981329580716e+01,3.670669441393864219e+01,3.908281037880533404e+01,4.148147001602231398e+01,4.390292931548873412e+01,4.634738852651106100e+01,4.881500645947671302e+01,5.130591062319837192e+01,5.382020453961649764e+01,5.635797310781510561e+01,5.891928659588585759e+01,6.150420365185273397e+01,6.411277360285463089e+01,6.674503823082034160e+01,6.940103315821872343e+01,7.208078893999064007e+01,7.478433193168569915e+01,7.751168498542901375e+01,8.026286801219551137e+01,8.303789843936648651e+01,8.583679158559498035e+01,8.865956096987567037e+01,9.150621856788761477e+01,9.437677502579897748e+01,9.727123983953457298e+01,1.001896215058373514e+02,1.031319276501613444e+02,1.060981651354340300e+02,1.090883401549412355e+02,1.121024583119726117e+02,1.151405246883740006e+02,1.182025439037690688e+02,1.212885201668956654e+02,1.243984573202549200e+02,1.275323588790671181e+02,1.306902280653624473e+02,1.338720678379011133e+02
4.642857142857142753e+04,4.914661324974114009e+00,7.322807082183243388e+00,9.780441857700230557e+00,1.218789869752144028e+01,1.454607138412946554e+01,1.687799934476259622e+01,1.920178552395761784e+01,2.152881945625128068e+01,2.386606206136140784e+01,2.621785481515864547e+01,2.858699562273325867e+01,3.097534979756757068e+01,3.338420074687685712e+01,3.581445682209756143e+01,3.826677721089495066e+01,4.074165096173175726e+01,4.323944804432122169e+01,4.576045322653531144e+01,4.830488909695909427e+01,5.087293205454647449e+01,5.346472363422827101e+01,5.608037867311391267e+01,5.871999129469871548e+01,6.138363935923071324e+01,6.407138781827153196e+01,6.678329127468411741e+01,6.951939595855421317e+01,7.227974126834405411e+01,7.506436098462729944e+01,7.787328423457458371e+01,8.070653626478853937e+01,8.356413906539451375e+01,8.644611187768111904e+01,8.935247160982608250e+01,9.228323317952141736e+01,9.523840979804074891e+01,9.821801320708364358e+01,1.012220538772946981e+02,1.042505411754931544e+02,1.073034835062105401e+02,1.103808884320222745e+02,1.134827627762832236e+02,1.166091127111960333e+02,1.197599438335953153e+02,1.229352612303979839e+02,1.261350695353280429e+02,1.293593729782403159e+02,1.326081754281439657e+02,1.358814804308481428e+02,1.391792912419916775e+02
4.744897959183673083e+04,5.060966458535297363e+00,7.562170084937856807e+00,1.013142427597022532e+01,1.265377236591041665e+01,1.512291938758790266e+01,1.756158666341575625e+01,1.998914913186612452e+01,2.241811402360457706e+01,2.485620235079300500e+01,2.730824875971011778e+01,2.977737311933990938e+01,3.226565562681993526e+01,3.477452688428090966e+01,3.730499869646277489e+01,3.985780472222656101e+01,4.243348879706186949e+01,4.503246199329235111e+01,4.765504046158163476e+01,5.030147113295431183e+01,5.297194955769884928e+01,5.566663253211364548e+01,5.838564719655694546e+01,6.112909769794936921e+01,6.389707014128360640e+01,6.668963631954082416e+01,6.950685655838022114e+01,7.234878191052187901e+01,7.521545586634013603e+01,7.810691570032700781e+01,8.102319354051203959e+01,8.396431722497051453e+01,8.693031099317074961e+01,8.992119604807781741e+01,9.293699101629479742e+01,9.597771232714428891e+01,9.904337452684569598e+01,1.021339905403715136e+02,1.052495718908574815e+02,1.083901288843708528e+02,1.115556707662446598e+02,1.147462058539499878e+02,1.179617416505070366e+02,1.212022849416782577e+02,1.244678418795834460e+02,1.277584180548960688e+02,1.310740185593988372e+02,1.344146480403655914e+02,1.377803107479876985e+02,1.411710105768611925e+02,1.445867511023828058e+02
4.846938775510204141e+04,5.207571615155120348e+00,7.801661120519355563e+00,1.048375894694729737e+01,1.312371796653517286e+01,1.570695941046457378e+01,1.825533560571977176e+01,2.078940782515457641e+01,2.332284276613476592e+01,2.586417421475468004e+01,2.841877063711359952e+01,3.099010226895720166e+01,3.358048367796754974e+01,3.619150613230053182e+01,3.882429435729576994e+01,4.147966326510034207e+01,4.415821643121626749e+01,4.686040971474126593e+01,4.958659343663588004e+01,5.233704101273681886e+01,5.511196881495483524e+01,5.791155022030628174e+01,6.073592572704087900e+01,6.358521035778171182e+01,6.645949915790859563e+01,6.935887133483568334e+01,7.228339341300714693e+01,7.523312166624899078e+01,7.820810401282520274e+01,8.120838150631854546e+01,8.423398951916342980e+01,8.728495869010089336e+01,9.036131568859056529e+01,9.346308383605598635e+01,9.659028361423095532e+01,9.974293308379428424e+01,1.029210482311984407e+02,1.061246432576399172e+02,1.093537308211066232e+02,1.126083222401437922e+02,1.158884276662114985e+02,1.191940562301303430e+02,1.225252161670452153e+02,1.258819149234897026e+02,1.292641592494695715e+02,1.326719552779522360e+02,1.361053085937251694e+02,1.395642242932429440e+02,1.430487070368100717e+02,1.465587610942177434e+02,1.500943903847728507e+02
4.948979591836735199e+04,5.354507949127989441e+00,8.041260800180690893e+00,1.083723228478484302e+01,1.359739682424500629e+01,1.629784677645472613e+01,1.895894001976514787e+01,2.160229821884919232e+01,2.424277847659844198e+01,2.688977905990651962e+01,2.954924421383307021e+01,3.222502442562115021e+01,3.491968931863849690e+01,3.763500518839023812e+01,4.037221979474679046e+01,4.313223655481804286e+01,4.591572408111333914e+01,4.872318695881618567e+01,5.155501265851549419e+01,5.441150336943240262e+01,5.729289806829181941e+01,6.019938812046371623e+01,6.313112850657885389e+01,6.608824603310264933e+01,6.907084542657806026e+01,7.207901391867210350e+01,7.511282473888194033e+01,7.817233980572140695e+01,8.125761182230303348e+01,8.436868592412554335e+01,8.750560098652448460e+01,9.066839067083697046e+01,9.385708426807771332e+01,9.707170738431176460e+01,1.003122825012495980e+02,1.035788294377302918e+02,1.068713657319122063e+02,1.101899069595921787e+02,1.135344670007489611e+02,1.169050582638601412e+02,1.203016918755834013e+02,1.237243778418771285e+02,1.271731251854468496e+02,1.306479420634734083e+02,1.341488358688422977e+02,1.376758133175074761e+02,1.412288805241517196e+02,1.448080430679325730e+02,1.484133060497950680e+02,1.520446741425843697e+02,1.557021516349929300e+02
5.051020408163265529e+04,5.501805309854495007e+00,8.280962201407621848e+00,1.119165348401871540e+01,1.407447870966094605e+01,1.689523313993156961e+01,1.967208600698858945e+01,2.242754886286277127e+01,2.517768670785685714e+01,2.793281206668307703e+01,3.069948794964850336e+01,3.348197640424012178e+01,3.628312400192153575e+01,3.910488734155448043e+01,4.194864800243038161e+01,4.481540564814645933e+01,4.770589958512903195e+01,5.062068733133568799e+01,5.356019668749696194e+01,5.652476105816769802e+01,5.951464392652380297e+01,6.253005614652312261e+01,6.557116837889948613e+01,6.863812018064707843e+01,7.173102674752492192e+01,7.484998398380945162e+01,7.799507236200338411e+01,8.116635989515260974e+01,8.436390445010849248e+01,8.758775556555451658e+01,9.083795589383478841e+01,9.411454235410754166e+01,9.741754706189162505e+01,1.007469980838810670e+02,1.041029200550911327e+02,1.074853346867021315e+02,1.108942611864902972e+02,1.143297166088765238e+02,1.177917161479413295e+02,1.212802733839406102e+02,1.247954004916961139e+02,1.283371084175571468e+02,1.319054070303181163e+02,1.355003052504511345e+02,1.391218111612004691e+02,1.427699321044349290e+02,1.464446747636422117e+02,1.501460452360307443e+02,1.538740490953685764e+02,1.576286914469188787e+02,1.614099769756051046e+02
5.153061224489795859e+04,5.649492057014038338e+00,8.520768693667232441e+00,1.154685448705869710e+01,1.455464386805963883e+01,1.749876779082219258e+01,2.039445240544066351e+01,2.326488033133893296e+01,2.612732571395718040e+01,2.899306208568589938e+01,3.186931488870660445e+01,3.476079037987286569e+01,3.767063517750740687e+01,4.060101239532281170e+01,4.355344891099392868e+01,4.652904888597345234e+01,4.952862835341442604e+01,5.255280225052773346e+01,5.560204209943655940e+01,5.867671512271453338e+01,6.177711133576553237e+01,6.490346267840683936e+01,6.805595676591951815e+01,7.123474693382468104e+01,7.443995968463953261e+01,7.767170028392575887e+01,8.093005701827820531e+01,8.421510447256898146e+01,8.752690607918995624e+01,9.086551612053601445e+01,9.423098131635934749e+01,9.762334209273170416e+01,1.010426336044972828e+02,1.044888865651825682e+02,1.079621279252734212e+02,1.114623814301502733e+02,1.149896680818230124e+02,1.185440065232362201e+02,1.221254133598521605e+02,1.257339034301181044e+02,1.293694900340339871e+02,1.330321851271924061e+02,1.367219994862160490e+02,1.404389428503869794e+02,1.441830240433647532e+02,1.479542510781827218e+02,1.517526312481359412e+02,1.555781712057241180e+02,1.594308770314383708e+02,1.633107542938828658e+02,1.672178081024770222e+02
5.255102040816326917e+04,5.797594960442782330e+00,8.760691966115810914e+00,1.190268953838780064e+01,1.503758492579683903e+01,1.810809905683126431e+01,2.112571135807262124e+01,2.411400535732462203e+01,2.709144641246866669e+01,3.007031154347724566e+01,3.305853255442671923e+01,3.606129378830095078e+01,3.908206620295862166e+01,4.212323659034342427e+01,4.518648932110519212e+01,4.827304183533039605e+01,5.138379331759466595e+01,5.451942090319397494e+01,5.768044344737027984e+01,6.086726476166840882e+01,6.408020354948190800e+01,6.731951453536079555e+01,7.058540364389074284e+01,7.387803908127850150e+01,7.719755954610965887e+01,8.054408039606379077e+01,8.391769833754283070e+01,8.731849503321235773e+01,9.074653990672753423e+01,9.420189234481746610e+01,9.768460344203570855e+01,1.011947173949180012e+02,1.047322726248252280e+02,1.082973026889618779e+02,1.118898370246499923e+02,1.155099015613217830e+02,1.191575192268090717e+02,1.228327103685885930e+02,1.265354931061593078e+02,1.302658836273175496e+02,1.340238964384593316e+02,1.378095445770108256e+02,1.416228397924963360e+02,1.454637927015066055e+02,1.493324129208494639e+02,1.532287091823779122e+02,1.571526894323673957e+02,1.611043609178118459e+02,1.650837302616030229e+02,1.690908035282240007e+02,1.731255862813256954e+02
5.357142857142857247e+04,5.946139162433437875e+00,9.000750276980541642e+00,1.225903437760734782e+01,1.552300862868268361e+01,1.872287578704363042e+01,2.186552896760352027e+01,2.497462901624901832e+01,2.806979237042667918e+01,3.116433635911507594e+01,3.426694284899842557e+01,3.738330922830239444e+01,4.051725625533601516e+01,4.367141252672573870e+01,4.684763283593511574e+01,5.004725723082625422e+01,5.327127487987606003e+01,5.652043020031526765e+01,5.979529322260269453e+01,6.309630729416667805e+01,6.642382209812657834e+01,6.977811694892716332e+01,7.315941751922180458e+01,7.656790804515455307e+01,8.000374036480349105e+01,8.346704070284857835e+01,8.695791482738063394e+01,9.047645201475909005e+01,9.402272813058652901e+01,9.759680804750834682e+01,1.011987475599882487e+02,1.048285949136416235e+02,1.084863920364215630e+02,1.121721755371348053e+02,1.158859775208793081e+02,1.196278262593032764e+02,1.233977467448994929e+02,1.271957611520347342e+02,1.310218892224830824e+02,1.348761485894754344e+02,1.387585550513867929e+02,1.426691228039463795e+02,1.466078646381106410e+02,1.505747921093721970e+02,1.545699156831922494e+02,1.585932448603932698e+02,1.626447882856522540e+02,1.667245538416937620e+02,1.708325487313283588e+02,1.749687795491291240e+02,1.791332523442362401e+02
5.459183673469387577e+04,6.095148184996367569e+00,9.240966929339462510e+00,1.261578513323937223e+01,1.601063737186244751e+01,1.934274889755268134e+01,2.261356603817405642e+01,2.584644896148577331e+01,2.906209981629455896e+01,3.227490587284352586e+01,3.549434195825946858e+01,3.872665436606546763e+01,4.197604024343026197e+01,4.524538908627522460e+01,4.853673979321989407e+01,5.185156491554327118e+01,5.519095086159205010e+01,5.855571473211706035e+01,6.194648181529517217e+01,6.536373812515269321e+01,6.880786675837302369e+01,7.227917353555309887e+01,7.577790540397627694e+01,7.930426385908278064e+01,8.285841487839562092e+01,8.644049637447535872e+01,9.005062385673357994e+01,9.368889478235573165e+01,9.735539193560529725e+01,1.010501860784755053e+02,1.047733380489069361e+02,1.085249004358993830e+02,1.123049189274866819e+02,1.161134334035297542e+02,1.199504788278003673e+02,1.238160859809694898e+02,1.277102820665643890e+02,1.316330912147974175e+02,1.355845349037535073e+02,1.395646323132997964e+02,1.435734006239025007e+02,1.476108552700868870e+02,1.516770101563599837e+02,1.557718778419136640e+02,1.598954696992432787e+02,1.640477960508740125e+02,1.682288662876360661e+02,1.724386889713238702e+02,1.766772719240937306e+02,1.809446223065492347e+02,1.852407466861520788e+02
5.561224489795918635e+04,6.244643968599907780e+00,9.481368966959617950e+00,1.297285698407509358e+01,1.650021048787439426e+01,1.996737295672860313e+01,2.336947890245552273e+01,2.672915571498653264e+01,3.006809768038669972e+01,3.340178278842364534e+01,3.674052026279607475e+01,4.009114184221612476e+01,4.345824872086764401e+01,4.684501135477606226e+01,5.025366719699388796e+01,5.368583178144891122e+01,5.714269645122014651e+01,6.062515672261421429e+01,6.413389747456621137e+01,6.766945071019324587e+01,7.123223552194239971e+01,7.482258626883837849e+01,7.844077279104794798e+01,8.208701514587042425e+01,8.576149450923594486e+01,8.946436135046722882e+01,9.319574163930880673e+01,9.695574161346875997e+01,1.007444514797174691e+02,1.045619483155894756e+02,1.084082983652911025e+02,1.122835588718428852e+02,1.161877795508035263e+02,1.201210037845295062e+02,1.240832695967164057e+02,1.280746104528467981e+02,1.320950559216831834e+02,1.361446322250880314e+02,1.402233626975125844e+02,1.443312681719693558e+02,1.484683673058266606e+02,1.526346768570716392e+02,1.568302119195969624e+02,1.610549861244148246e+02,1.653090118124124785e+02,1.695923001832282182e+02,1.739048614240071231e+02,1.782467048211335054e+02,1.826178388575065412e+02,1.870182712974932429e+02,1.914480092613377167e+02
5.663265306122448965e+04,6.394646932121164085e+00,9.721986076320195735e+00,1.333018265522504997e+01,1.699148526821819516e+01,2.059640778523724691e+01,2.413292033118369773e+01,2.762243301558914865e+01,3.108750766619931838e+01,3.454472313065291189e+01,3.800526225616032860e+01,4.147657918196747318e+01,4.496370780038088810e+01,4.847012054449099594e+01,5.199826864909373825e+01,5.554992170938440665e+01,5.912638415190766494e+01,6.272863598365816529e+01,6.635742626811723710e+01,7.001333651985790141e+01,7.369682456403289450e+01,7.740825545142394049e+01,8.114792362901400224e+01,8.491606909490684529e+01,8.871288934396098114e+01,9.253854832120305218e+01,9.639318321677740187e+01,1.002769096825497286e+02,1.041898258799066355e+02,1.081320156518195432e+02,1.121035510315565347e+02,1.161044942437870731e+02,1.201348993135522676e+02,1.241948133696089371e+02,1.282842777075847778e+02,1.324033286628915960e+02,1.365519983318546622e+02,1.407303151709016618e+02,1.449383044971493462e+02,1.491759889087713304e+02,1.534433886397193305e+02,1.577405218604340291e+02,1.620674049338807379e+02,1.664240526344541138e+02,1.708104783358750467e+02,1.752266941730751171e+02,1.796727111821727192e+02,1.841485394219152454e+02,1.886541880793839994e+02,1.931896655622928165e+02,1.977549795798123284e+02
5.765306122448979295e+04,6.545176046291148353e+00,9.962849676365330254e+00,1.368771081261911782e+01,1.748423770341908678e+01,2.122952004411280313e+01,2.490354052026556175e+01,2.852595822711889895e+01,3.212004435506608502e+01,3.570347621967784590e+01,3.928834647115115075e+01,4.288276870893496096e+01,4.649223906955931085e+01,5.012055391706217478e+01,5.377039428054318648e+01,5.744369550869659236e+01,6.114188372854626152e+01,6.486602986851144692e+01,6.861695204139996918e+01,7.239528500366984076e+01,7.620152821135759780e+01,8.003607968652605109e+01,8.389926029666983709e+01,8.779133143928285676e+01,9.171250811284845383e+01,9.566296870921432571e+01,9.964286244176791740e+01,1.036523150455148539e+02,1.076914331979941863e+02,1.117603079821780341e+02,1.158590176240067393e+02,1.199876296750961728e+02,1.241462027670137616e+02,1.283347880317728880e+02,1.325534302601142542e+02,1.368021688521832004e+02,1.410810386026304286e+02,1.453900703527397695e+02,1.497292915350699900e+02,1.540987266306782715e+02,1.584983975548315414e+02,1.629283239838948134e+02,1.673885236335836453e+02,1.718790124968012378e+02,1.763998050477344748e+02,1.809509144176564917e+02,1.855323525468994887e+02,1.901441303166773764e+02,1.947862576638038377e+02,1.994587436808360792e+02,2.041615967037567430e+02
5.867346938775510353e+04,6.696248914917469541e+00,1.020399217526463964e+01,1.404540441345616131e+01,1.797826293659525021e+01,2.186638478321668799e+01,2.568098814870550939e+01,2.943940280781122354e+01,3.316541534648630574e+01,3.687778466374919617e+01,4.058954541515553416e+01,4.430950746319733469e+01,4.804365950841470578e+01,5.179614470701128681e+01,5.556989068293682266e+01,5.936701085658427246e+01,6.318906215443951879e+01,6.703721322497722213e+01,7.091235637634250111e+01,7.481518355363908768e+01,7.874623890979619034e+01,8.270595584911906428e+01,8.669468357724599628e+01,9.071270643262413103e+01,9.476025816891640829e+01,9.883753265025352164e+01,1.029446919606524347e+02,1.070818726240379561e+02,1.112491904262592612e+02,1.154467441905136980e+02,1.196746187606664478e+02,1.239328873789440451e+02,1.282216135961595569e+02,1.325408528178886343e+02,1.368906535647670069e+02,1.412710585065304087e+02,1.456821053156682240e+02,1.501238273762611186e+02,1.545962543757997025e+02,1.590994128018640197e+02,1.636333263609967901e+02,1.681980163336005205e+02,1.727935018759490902e+02,1.774198002782669619e+02,1.820769271861441041e+02,1.867648967912082867e+02,1.914837219959156869e+02,1.962334145564619519e+02,2.010139852071221185e+02,2.058254437687729137e+02,2.106677992438913520e+02
5.969387755102040683e+04,6.847881859715939434e+00,1.044544637290416311e+01,1.440323906200327286e+01,1.847337543530361614e+01,2.250668692238295066e+01,2.646491149867651416e+01,3.036243284189156810e+01,3.422332143636194246e+01,3.806738437210216119e+01,4.190862551559405347e+01,4.575658712421918040e+01,4.961778140912450397e+01,5.349672204605219150e+01,5.739660083995131856e+01,6.131972223723769844e+01,6.526778355761207706e+01,6.924205834811384364e+01,7.324351854965243547e+01,7.727291746738968925e+01,8.133084719166882337e+01,8.541777905677218996e+01,8.953409263231141324e+01,9.368009682564138529e+01,9.785604546676563587e+01,1.020621489741307073e+02,1.062985831961258469e+02,1.105654961896571820e+02,1.148630134728905716e+02,1.191912421361517573e+02,1.235502740889777442e+02,1.279401886469505882e+02,1.323610546091273079e+02,1.368129319389159093e+02,1.412958731336669587e+02,1.458099243479918812e+02,1.503551263208062778e+02,1.549315151448581105e+02,1.595391229090183174e+02,1.641779782371554859e+02,1.688481067424671949e+02,1.735495314123095909e+02,1.782822729355980016e+02,1.830463499825087297e+02,1.878417794443859918e+02,1.926685766402919739e+02,1.975267554954781986e+02,2.024163286961274650e+02,2.073373078239593781e+02,2.122897034736883768e+02,2.172735253558252282e+02
6.071428571428571740e+04,7.000090005767863666e+00,1.068724498846039239e+01,1.476120141111845818e+01,1.896940889538378272e+01,2.315012263850998409e+01,2.725495962718381904e+01,3.129470963335305811e+01,3.529345683522056021e+01,3.927200458966206043e+01,4.324534707655898558e+01,4.722379393928723346e+01,5.121441229833758513e+01,5.522211088844622395e+01,5.925036405912256043e+01,6.330168088085627431e+01,6.737790916681369424e+01,7.148043493256804481e+01,7.561031549071944369e+01,7.976836991089530216e+01,8.395524164264081435e+01,8.817144264014540056e+01,9.241738497536566399e+01,9.669340384239879427e+01,1.009997745411691170e+02,1.053367251853225497e+02,1.097044463295787295e+02,1.141030983476956777e+02,1.185328171472698671e+02,1.229937186403830793e+02,1.274859022733580929e+02,1.320094538376923197e+02,1.365644477265837224e+02,1.411509487600327475e+02,1.457690136714125799e+02,1.504186923263089000e+02,1.551000287280575378e+02,1.598130618521617237e+02,1.645578263425273349e+02,1.693343530954248308e+02,1.741426697516908177e+02,1.789828011135250847e+02,1.838547694989895831e+02,1.887585950447887626e+02,1.936942959659055816e+02,1.986618887790862402e+02,2.036613884959010647e+02,2.086928087900986100e+02,2.137561621431537162e+02,2.188514599712466406e+02,2.239787127363775596e+02
6.173469387755102071e+04,7.152887365519030816e+00,1.092942029379721625e+01,1.511928764070444942e+01,1.946621589817381448e+01,2.379640063380427151e+01,2.805078357700691782e+01,3.223589036108438677e+01,3.637550942829060574e+01,4.049136795527677890e+01,4.459946424777320573e+01,4.871090865814755944e+01,5.283335486245302803e+01,5.697213193764572736e+01,6.113101590403789487e+01,6.531273470263590752e+01,6.951929725727428888e+01,7.375221002456241592e+01,7.801262173913910658e+01,8.230142188083625854e+01,8.661930886826699805e+01,9.096683811315023149e+01,9.534445644512409501e+01,9.975252715630300315e+01,1.041913484854074881e+02,1.086611674433514452e+02,1.131621902832632145e+02,1.176945905209952201e+02,1.222585151450867045e+02,1.268540894727998847e+02,1.314814209826197953e+02,1.361406023650868065e+02,1.408317139709716628e+02,1.455548257906567073e+02,1.503099990657941021e+02,1.550972876102510725e+02,1.599167388995240628e+02,1.647683949744708229e+02,1.696522931951506905e+02,1.745684668729162468e+02,1.795169458030324279e+02,1.844977567155735301e+02,1.895109236588286876e+02,1.945564683266871953e+02,1.996344103393053615e+02,2.047447674846388566e+02,2.098875559270462077e+02,2.150627903880794634e+02,2.202704843036809450e+02,2.255106499613032724e+02,2.307832986198689582e+02
6.275510204081632401e+04,7.306286919911474165e+00,1.117200383524000173e+01,1.547750203559868432e+01,1.996366734850854741e+01,2.444524326325057828e+01,2.885203761303523962e+01,3.318562879352996475e+01,3.746916107903120974e+01,4.172519058515825208e+01,4.597072500703200859e+01,5.021770647456582282e+01,5.447440687630817990e+01,5.874660157448868603e+01,6.303838812710353068e+01,6.735272824182533213e+01,7.169180309627303416e+01,7.605724797357710543e+01,8.045030940188394197e+01,8.487195216659682728e+01,8.932293346018710167e+01,9.380385514278296455e+01,9.831520117850045892e+01,1.028573648658156969e+02,1.074306689293538710e+02,1.120353805429378014e+02,1.166717227022536463e+02,1.213398829334637981e+02,1.260400200332844065e+02,1.307722693374780647e+02,1.355367468772508346e+02,1.403335526866517284e+02,1.451627734556428493e+02,1.500244846743615312e+02,1.549187523784153768e+02,1.598456345788740691e+02,1.648051824412303006e+02,1.697974412631085954e+02,1.748224512895650378e+02,1.798802483965125703e+02,1.849708646664338971e+02,1.900943288756297704e+02,1.952506669084252735e+02,2.004399021107676617e+02,2.056620555932940704e+02,2.109171464920774781e+02,2.162051921937789132e+02,2.215262085307323616e+02,2.268802099505431613e+02,2.322672096639874724e+02,2.376872197743855963e+02
6.377551020408163458e+04,7.460300695740858856e+00,1.141502622828217817e+01,1.583585567757993218e+01,2.046165172515355835e+01,2.509638750305195387e+01,2.965838046880592316e+01,3.414357606002666046e+01,3.857408797739716988e+01,4.297318218317386851e+01,4.735887115731744501e+01,5.174395697556502682e+01,5.613736113573600761e+01,6.054533178722461884e+01,6.497230860305889166e+01,6.942150260095706926e+01,7.389527888858799543e+01,7.839541038376792415e+01,8.292324811014898955e+01,8.747983731191763468e+01,9.206599796198288743e+01,9.668238151863722862e+01,1.013295115832913496e+02,1.060078134698921986e+02,1.107176360173086493e+02,1.154592678939253148e+02,1.202329499362008960e+02,1.250388845934368902e+02,1.298772432348373798e+02,1.347481718590080106e+02,1.396517955965563260e+02,1.445882222916367255e+02,1.495575453738755130e+02,1.545598461786883036e+02,1.595951958352192150e+02,1.646636568126895099e+02,1.697652841948761591e+02,1.749001267367046637e+02,1.800682277450636946e+02,1.852696258169354451e+02,1.905043554610182923e+02,1.957724476236885494e+02,2.010739301360026161e+02,2.064088280951973218e+02,2.117771641915923340e+02,2.171789589897815063e+02,2.226142311713812489e+02,2.280829977453214212e+02,2.335852742306215646e+02,2.391210748157531043e+02,2.446904124980121367e+02
6.479591836734693788e+04,7.614939838701014097e+00,1.165851701180018019e+01,1.619436525946575500e+01,2.096007417775036785e+01,2.574958574608280060e+01,3.046947658708089790e+01,3.510938147487891570e+01,3.968996103374161066e+01,4.423504617956346152e+01,4.876363833979463891e+01,5.328942409912729516e+01,5.782200539447890719e+01,6.236813010366933696e+01,6.693260126342084959e+01,7.151889538536848079e+01,7.612957372189832483e+01,8.076655606516681019e+01,8.543130497590104255e+01,9.012495157622495867e+01,9.484838283471025022e+01,9.960230312210390480e+01,1.043872783105684050e+02,1.092037678431510557e+02,1.140521483855875005e+02,1.189327315009811628e+02,1.238457770208825366e+02,1.287915032768529500e+02,1.337700950133599065e+02,1.387817095683700757e+02,1.438264817456609421e+02,1.489045276890286686e+02,1.540159479877755757e+02,1.591608301848506528e+02,1.643392508169158646e+02,1.695512770847456352e+02,1.747969682295077689e+02,1.800763766734007731e+02,1.853895489702497628e+02,1.907365266018849752e+02,1.961173466486336565e+02,2.015320423564797636e+02,2.069806436189559236e+02,2.124631773883183712e+02,2.179796680277958671e+02,2.235301376145110908e+02,2.291146062009328261e+02,2.347330920413202762e+02,2.403856117884994035e+02,2.460721806653985766e+02,2.517928126150378603e+02
6.581632653061224846e+04,7.770214681844360705e+00,1.190250455028493093e+01,1.655305202378122686e+01,2.145885550505382611e+01,2.640460641511937112e+01,3.128499733771994684e+01,3.608269340912983125e+01,4.081644631882362262e+01,4.551047989956403228e+01,5.018475606390953914e+01,5.485386610117386397e+01,5.952812230596944687e+01,6.421479952580455119e+01,6.891908603205382633e+01,7.364474064313401414e+01,7.839453351221685296e+01,8.317054098471533052e+01,8.797434454816517757e+01,9.280716689565721822e+01,9.766996642212029656e+01,1.025635038952691644e+02,1.074883902267844604e+02,1.124451212107762359e+02,1.174341031398648028e+02,1.224556719430723177e+02,1.275101076595492771e+02,1.325976455102438365e+02,1.377184844575460545e+02,1.428727938886592028e+02,1.480607188823724414e+02,1.532823843954303413e+02,1.585378986170636040e+02,1.638273556773354755e+02,1.691508378493150531e+02,1.745084173516201247e+02,1.799001578331078406e+02,1.853261156029838617e+02,1.907863406556616042e+02,1.962808775291130985e+02,2.018097660273385259e+02,2.073730418313312214e+02,2.129707370180587702e+02,2.186028805031742479e+02,2.242694984201928889e+02,2.299706144464969668e+02,2.357062500846483601e+02,2.414764249059834071e+02,2.472811567622485143e+02,2.531204619700550040e+02,2.589943554721303940e+02
6.683673469387754449e+04,7.926134809377651358e+00,1.214701597437761471e+01,1.691194082418401479e+01,2.195793104843710353e+01,2.706123438952701932e+01,3.210462219596572453e+01,3.706316020388931065e+01,4.195320554989683615e+01,4.679917476330287940e+01,5.162194775580705652e+01,5.643703553266346518e+01,6.125548937051341625e+01,6.608513846715531770e+01,7.093157876207304469e+01,7.579886880553968354e+01,8.069000094943558565e+01,8.560721821718315994e+01,9.055222876908193541e+01,9.552635284381061354e+01,1.005306249155845393e+02,1.055658658095185416e+02,1.106327343855996048e+02,1.157317651231589792e+02,1.208633958322747617e+02,1.260279883527205982e+02,1.312258442040684372e+02,1.364572165535397517e+02,1.417223194654419558e+02,1.470213351206542427e+02,1.523544195039041824e+02,1.577217069228110802e+02,1.631233136277431299e+02,1.685593407333954872e+02,1.740298765935602034e+02,1.795349987443225643e+02,1.850747755041028597e+02,1.906492672989410266e+02,1.962585277663271484e+02,2.019026046794341482e+02,2.075815407248272777e+02,2.132953741599743012e+02,2.190441393716196501e+02,2.248278673519859865e+02,2.306465861065384217e+02,2.365003210044881996e+02,2.423890950811802156e+02,2.483129292998832227e+02,2.542718427791842544e+02,2.602658529911425376e+02,2.662949759344833751e+02
6.785714285714285506e+04,8.082709115845414516e+00,1.239207715159224499e+01,1.727105930464234618e+01,2.245724953259691858e+01,2.771927124595818981e+01,3.292803986458029897e+01,3.805043111802436329e+01,4.309989662231478036e+01,4.810081651816720694e+01,5.307493082627667036e+01,5.803867922767123133e+01,6.300387888843445694e+01,6.797894069329800004e+01,7.296989117430227623e+01,7.798110662823968653e+01,8.301581544307373406e+01,8.807643789603075390e+01,9.316481692977372120e+01,9.828237659223088940e+01,1.034302323187398542e+02,1.086092688338600425e+02,1.138201959994353416e+02,1.190635894302824482e+02,1.243399204382748309e+02,1.296495783950376790e+02,1.349928876358667367e+02,1.403701203826917379e+02,1.457815067285500561e+02,1.512272424282360532e+02,1.567074950334604466e+02,1.622224087661312808e+02,1.677721084206556839e+02,1.733567025124370957e+02,1.789762858362663849e+02,1.846309415591082086e+02,1.903207429427890816e+02,1.960457547704415902e+02,2.018060345342508413e+02,2.076016334296698744e+02,2.134325971917967024e+02,2.192989668022958654e+02,2.252007790895871437e+02,2.311380672405844052e+02,2.371108612387850769e+02,2.431191882407587741e+02,2.491630729008811613e+02,2.552425376524100216e+02,2.613576029515858750e+02,2.675082874902985282e+02,2.736946083819316300e+02
6.887755102040816564e+04,8.239945860843722159e+00,1.263771268050721375e+01,1.763043718914670777e+01,2.295677188241681321e+01,2.837853531822926811e+01,3.375494932406902393e+01,3.904415730203240287e+01,4.425617418550035609e+01,4.941508550467322181e+01,5.454341675940595024e+01,5.965853830332665098e+01,6.477305791976102967e+01,6.989599526586781053e+01,7.503383079751883145e+01,8.019127713324223805e+01,8.537181306832253824e+01,9.057804716427594371e+01,9.581196562606015732e+01,1.010751028706754227e+02,1.063686604118726677e+02,1.116935909029767231e+02,1.170506584107643704e+02,1.224404822558549029e+02,1.278635693332736594e+02,1.333203382465424625e+02,1.388111375466727395e+02,1.443362596721097191e+02,1.498959517157663299e+02,1.554904238236520939e+02,1.611198558066799080e+02,1.667844023908381814e+02,1.724841974199166827e+02,1.782193572453007278e+02,1.839899834795585605e+02,1.897961652482019588e+02,1.956379810426749657e+02,2.015155002542405498e+02,2.074287844508266403e+02,2.133778884455311982e+02,2.193628611952518952e+02,2.253837465600333019e+02,2.314405839476027893e+02,2.375334088627900542e+02,2.436622533777668025e+02,2.498271465360727177e+02,2.560281147010269933e+02,2.622651818572353477e+02,2.685383698723825887e+02,2.748476987252666959e+02,2.811931867050373626e+02
6.989795918367346167e+04,8.397852719465323190e+00,1.288394590291561137e+01,1.799010567333644772e+01,2.345647004135047098e+01,2.903886158570661991e+01,3.458506079648107345e+01,4.004399278904440962e+01,4.542169026150361333e+01,5.074165695663987918e+01,5.602711122308269154e+01,6.129634817250203582e+01,6.656278825105771091e+01,7.183608649045405059e+01,7.712320091073280537e+01,8.242919955188229153e+01,8.775782651248827904e+01,9.311189012543162846e+01,9.849352871406597387e+01,1.039043939271760735e+02,1.093457787160598258e+02,1.148187078850229881e+02,1.203240030631451134e+02,1.258623299711981787e+02,1.314342332690285104e+02,1.370401625737650591e+02,1.426804921190618529e+02,1.483555357769200498e+02,1.540655586571506319e+02,1.598107861526288502e+02,1.655914110579418832e+02,1.714075992202351415e+02,1.772594940612361825e+02,1.831472202234344024e+02,1.890708865310135707e+02,1.950305884104323013e+02,2.010264098817425520e+02,2.070584252065075077e+02,2.131267002591854691e+02,2.192312936744332319e+02,2.253722578117528599e+02,2.315496395704157635e+02,2.377634810810024533e+02,2.440138202947485127e+02,2.503006914878404814e+02,2.566241256946075282e+02,2.629841510810027216e+02,2.693807932677393069e+02,2.758140756108059009e+02,2.822840194457622829e+02,2.887906443011470969e+02
7.091836734693878680e+04,8.556436828712488563e+00,1.313079892945289551e+01,1.835009690868198362e+01,2.395632581275680906e+01,2.970010140308776769e+01,3.541809660994972830e+01,4.104959549317103296e+01,4.659609490371914120e+01,5.208020133622129322e+01,5.752571420242909994e+01,6.295183857014870199e+01,6.837282637002259378e+01,7.379899386878865641e+01,7.923780048776069407e+01,8.469468926894843719e+01,9.017368502194132418e+01,9.567780779458419715e+01,1.012093572657677498e+02,1.067701094879335244e+02,1.123614544570885982e+02,1.179844935491777278e+02,1.236401094720108205e+02,1.293290171688972237e+02,1.350518013498161736e+02,1.408089445116380602e+02,1.466008481068052163e+02,1.524278487150418471e+02,1.582902305275325432e+02,1.641882350793327134e+02,1.701220689065325189e+02,1.760919096227242449e+02,1.820979107801232146e+02,1.881402057879611220e+02,1.942189110935036922e+02,2.003341287817748082e+02,2.064859487136235430e+02,2.126744502945788611e+02,2.188997039464685770e+02,2.251617723382468625e+02,2.314607114205996936e+02,2.377965712997474839e+02,2.441693969787673097e+02,2.505792289892166593e+02,2.570261039314814866e+02,2.635100549388355944e+02,2.700311120774485971e+02,2.765893026924024980e+02,2.831846517080086301e+02,2.898171818893002865e+02,2.964869140704176402e+02
7.193877551020408282e+04,8.715704830132523284e+00,1.337829267508632825e+01,1.871044356963245647e+01,2.445632974160353257e+01,3.036212208730799844e+01,3.625379195317124470e+01,4.206062820484438447e+01,4.777903689266631204e+01,5.343038470406751372e+01,5.903892015717730146e+01,6.462473359417629126e+01,7.020292344848753885e+01,7.578449205564935198e+01,8.137742414436566207e+01,8.698755776813840157e+01,9.261921434968441247e+01,9.827563804968686156e+01,1.039592995245282623e+02,1.096721067170747546e+02,1.154155525291762245e+02,1.211908195329696127e+02,1.269988551952217364e+02,1.328404266362175861e+02,1.387161610083826133e+02,1.446265756416798922e+02,1.505721008150244984e+02,1.565530971490844934e+02,1.625698690299505813e+02,1.686226750711789748e+02,1.747117363426722250e+02,1.808372428989197829e+02,1.869993589999724009e+02,1.931982273186382031e+02,1.994339723549409484e+02,2.057067032258055974e+02,2.120165159586941854e+02,2.183634953886326855e+02,2.247477167360304691e+02,2.311692469259827192e+02,2.376281456969580290e+02,2.441244665369356710e+02,2.506582574774197099e+02,2.572295617697982379e+02,2.638384184638329657e+02,2.704848629043632400e+02,2.771689271593656372e+02,2.838906403901580120e+02,2.906500291726475780e+02,2.974471177769918881e+02,3.042819284118122027e+02
7.295918367346937885e+04,8.875662908937439255e+00,1.362644690157328853e+01,1.907117849428729883e+01,2.495648005005835302e+01,3.102480637937847874e+01,3.709189551134639373e+01,4.307675957245071885e+01,4.897016446506668785e+01,5.479186912456788860e+01,6.056641820390434106e+01,6.631475176176465425e+01,7.205282533447487481e+01,7.779235082091757647e+01,8.354186208825200310e+01,8.930761257903095895e+01,9.509423670366287240e+01,1.009052155831488875e+02,1.067432008606727010e+02,1.126102401763114784e+02,1.185079354585154050e+02,1.244375553093919109e+02,1.304001158033956358e+02,1.363964393282997491e+02,1.424271979816760165e+02,1.484929459699741869e+02,1.545941440801566387e+02,1.607311783680682140e+02,1.669043745789298896e+02,1.731140093834916911e+02,1.793603192134057451e+02,1.856435072686373360e+02,1.919637491200348620e+02,1.983211972227105662e+02,2.047159845779245302e+02,2.111482277240642986e+02,2.176180291950862227e+02,2.241254795532873629e+02,2.306706590795730563e+02,2.372536391864123004e+02,2.438744836049234266e+02,2.505332493869623534e+02,2.572299877548692280e+02,2.639647448251347441e+02,2.707375622272120950e+02,2.775484776347280444e+02,2.843975252231829813e+02,2.912847360657111153e+02,2.982101384764333147e+02,3.051737583093111539e+02,3.121756192190654815e+02
7.397959183673470397e+04,9.036316829867626410e+00,1.387528026459276731e+01,1.943233438956394465e+01,2.545678163685684225e+01,3.168805180025897883e+01,3.793216997763202158e+01,4.409766505941009740e+01,5.016912607179417449e+01,5.616431310578571612e+01,6.210789232393149462e+01,6.802160608197772262e+01,7.392227255397217789e+01,7.982233501724356017e+01,8.573090007221202313e+01,9.165465722576782071e+01,9.759857069594256984e+01,1.035663718538031759e+02,1.095609037271609765e+02,1.155843617845343374e+02,1.216384633666686454e+02,1.277245681538225597e+02,1.338437648500234047e+02,1.399969343411372904e+02,1.461847962863701866e+02,1.524079439049480413e+02,1.586668702497288734e+02,1.649619882689690655e+02,1.712936462835963596e+02,1.776621400440120908e+02,1.840677222083535014e+02,1.905106098577541331e+02,1.969909905032735082e+02,2.035090269236567622e+02,2.100648610892885131e+02,2.166586173663262684e+02,2.232904051496138322e+02,2.299603210391231585e+02,2.366684506492068465e+02,2.434148701206206908e+02,2.501996473905249729e+02,2.570228432642997518e+02,2.638845123242055024e+02,2.707847037030433057e+02,2.777234617455687271e+02,2.847008265761532471e+02,2.917168345877863658e+02,2.987715188648169828e+02,3.058649095496452901e+02,3.129970341618263774e+02,3.201679178766199243e+02
7.500000000000000000e+04,9.197671970051978008e+00,1.412481036374553334e+01,1.979394359242420265e+01,2.595724514707561070e+01,3.235176992042180899e+01,3.877439243677942216e+01,4.512302786596109172e+01,5.137557115964771981e+01,5.754737207332173199e+01,6.366302159756268253e+01,6.974500414552538530e+01,7.581100032309706194e+01,8.187420455378807560e+01,8.794431935073811246e+01,9.402849117765170206e+01,1.001320312928918668e+02,1.062589350393424326e+02,1.124122476154167742e+02,1.185943207773854624e+02,1.248069939338405447e+02,1.310517231107694158e+02,1.373296738413872049e+02,1.436417888843485571e+02,1.499888381941824491e+02,1.563714562349534560e+02,1.627901701619489074e+02,1.692454213380898693e+02,1.757375819306297160e+02,1.822669678372593580e+02,1.888338488453258606e+02,1.954384566849435032e+02,2.020809914640990712e+02,2.087616268498266834e+02,2.154805142695516338e+02,2.222377863407841119e+02,2.290335596886164353e+02,2.358679372741254667e+02,2.427410103294392059e+02,2.496528599744941630e+02,2.566035585746665220e+02,2.635931708862669893e+02,2.706217550274369614e+02,2.776893633046076388e+02,2.847960429188995590e+02,2.919418365722595468e+02,2.991267829895031127e+02,3.063509173695244954e+02,3.136142717766089731e+02,3.209168754808978292e+02,3.282587552555282286e+02
